Chunk,Range_Start,Range_End,Exception_Count,Exceptions
1,100001,1000000,0,
2,1000001,2000000,0,
3,2000001,3000000,0,
4,3000001,4000000,0,
5,4000001,5000000,0,
6,5000001,6000000,0,
7,6000001,7000000,0,
8,7000001,8000000,0,
9,8000001,9000000,0,
10,9000001,10000000,0,
11,10000001,11000000,0,
12,11000001,12000000,0,
13,12000001,13000000,0,
14,13000001,14000000,0,
15,14000001,15000000,0,
16,15000001,16000000,0,
17,16000001,17000000,0,
18,17000001,18000000,0,
19,18000001,19000000,0,
20,19000001,20000000,0,
21,20000001,21000000,0,
22,21000001,22000000,0,
23,22000001,23000000,0,
24,23000001,24000000,0,
25,24000001,25000000,0,
26,25000001,26000000,0,
27,26000001,27000000,0,
28,27000001,28000000,0,
29,28000001,29000000,0,
30,29000001,30000000,0,
31,30000001,31000000,0,
32,31000001,32000000,0,
33,32000001,33000000,0,
34,33000001,34000000,0,
35,34000001,35000000,0,
36,35000001,36000000,0,
37,36000001,37000000,0,
38,37000001,38000000,0,
39,38000001,39000000,0,
40,39000001,40000000,0,
41,40000001,41000000,0,
42,41000001,42000000,0,
43,42000001,43000000,0,
44,43000001,44000000,0,
45,44000001,45000000,0,
46,45000001,46000000,0,
47,46000001,47000000,0,
48,47000001,48000000,0,
49,48000001,49000000,0,
50,49000001,50000000,0,
51,50000001,51000000,0,
52,51000001,52000000,0,
53,52000001,53000000,0,
54,53000001,54000000,0,
55,54000001,55000000,0,
56,55000001,56000000,0,
57,56000001,57000000,0,
58,57000001,58000000,0,
59,58000001,59000000,0,
60,59000001,60000000,0,
61,60000001,61000000,0,
62,61000001,62000000,0,
63,62000001,63000000,0,
64,63000001,64000000,0,
65,64000001,65000000,0,
66,65000001,66000000,0,
67,66000001,67000000,0,
68,67000001,68000000,0,
69,68000001,69000000,0,
70,69000001,70000000,0,
71,70000001,71000000,0,
72,71000001,72000000,0,
73,72000001,73000000,0,
74,73000001,74000000,0,
75,74000001,75000000,0,
76,75000001,76000000,0,
77,76000001,77000000,0,
78,77000001,78000000,0,
79,78000001,79000000,0,
80,79000001,80000000,0,
81,80000001,81000000,0,
82,81000001,82000000,0,
83,82000001,83000000,0,
84,83000001,84000000,0,
85,84000001,85000000,0,
86,85000001,86000000,0,
87,86000001,87000000,0,
88,87000001,88000000,0,
89,88000001,89000000,0,
90,89000001,90000000,0,
91,90000001,91000000,0,
92,91000001,92000000,0,
93,92000001,93000000,0,
94,93000001,94000000,0,
95,94000001,95000000,0,
96,95000001,96000000,0,
97,96000001,97000000,0,
98,97000001,98000000,0,
99,98000001,99000000,0,
100,99000001,100000000,0,
101,100000001,101000000,0,
102,101000001,102000000,0,
103,102000001,103000000,0,
104,103000001,104000000,0,
105,104000001,105000000,0,
106,105000001,106000000,0,
107,106000001,107000000,0,
108,107000001,108000000,0,
109,108000001,109000000,0,
110,109000001,110000000,0,
111,110000001,111000000,0,
112,111000001,112000000,0,
113,112000001,113000000,0,
114,113000001,114000000,0,
115,114000001,115000000,0,
116,115000001,116000000,0,
117,116000001,117000000,0,
118,117000001,118000000,0,
119,118000001,119000000,0,
120,119000001,120000000,0,
121,120000001,121000000,0,
122,121000001,122000000,0,
123,122000001,123000000,0,
124,123000001,124000000,0,
125,124000001,125000000,0,
126,125000001,126000000,0,
127,126000001,127000000,0,
128,127000001,128000000,0,
129,128000001,129000000,0,
130,129000001,130000000,0,
131,130000001,131000000,0,
132,131000001,132000000,0,
133,132000001,133000000,0,
134,133000001,134000000,0,
135,134000001,135000000,0,
136,135000001,136000000,0,
137,136000001,137000000,0,
138,137000001,138000000,0,
139,138000001,139000000,0,
140,139000001,140000000,0,
141,140000001,141000000,0,
142,141000001,142000000,0,
143,142000001,143000000,0,
144,143000001,144000000,0,
145,144000001,145000000,0,
146,145000001,146000000,0,
147,146000001,147000000,0,
148,147000001,148000000,0,
149,148000001,149000000,0,
150,149000001,150000000,0,
151,150000001,151000000,0,
152,151000001,152000000,0,
153,152000001,153000000,0,
154,153000001,154000000,0,
155,154000001,155000000,0,
156,155000001,156000000,0,
157,156000001,157000000,0,
158,157000001,158000000,0,
159,158000001,159000000,0,
160,159000001,160000000,0,
161,160000001,161000000,0,
162,161000001,162000000,0,
163,162000001,163000000,0,
164,163000001,164000000,0,
165,164000001,165000000,0,
166,165000001,166000000,0,
167,166000001,167000000,0,
168,167000001,168000000,0,
169,168000001,169000000,0,
170,169000001,170000000,0,
171,170000001,171000000,0,
172,171000001,172000000,0,
173,172000001,173000000,0,
174,173000001,174000000,0,
175,174000001,175000000,0,
176,175000001,176000000,0,
177,176000001,177000000,0,
178,177000001,178000000,0,
179,178000001,179000000,0,
180,179000001,180000000,0,
181,180000001,181000000,0,
182,181000001,182000000,0,
183,182000001,183000000,0,
184,183000001,184000000,0,
185,184000001,185000000,0,
186,185000001,186000000,0,
187,186000001,187000000,0,
188,187000001,188000000,0,
189,188000001,189000000,0,
190,189000001,190000000,0,
191,190000001,191000000,0,
192,191000001,192000000,0,
193,192000001,193000000,0,
194,193000001,194000000,0,
195,194000001,195000000,0,
196,195000001,196000000,0,
197,196000001,197000000,0,
198,197000001,198000000,0,
199,198000001,199000000,0,
200,199000001,200000000,0,
201,200000001,201000000,0,
202,201000001,202000000,0,
203,202000001,203000000,0,
204,203000001,204000000,0,
205,204000001,205000000,0,
206,205000001,206000000,0,
207,206000001,207000000,0,
208,207000001,208000000,0,
209,208000001,209000000,0,
210,209000001,210000000,0,
211,210000001,211000000,0,
212,211000001,212000000,0,
213,212000001,213000000,0,
214,213000001,214000000,0,
215,214000001,215000000,0,
216,215000001,216000000,0,
217,216000001,217000000,0,
218,217000001,218000000,0,
219,218000001,219000000,0,
220,219000001,220000000,0,
221,220000001,221000000,0,
222,221000001,222000000,0,
223,222000001,223000000,0,
224,223000001,224000000,0,
225,224000001,225000000,0,
226,225000001,226000000,0,
227,226000001,227000000,0,
228,227000001,228000000,0,
229,228000001,229000000,0,
230,229000001,230000000,0,
231,230000001,231000000,0,
232,231000001,232000000,0,
233,232000001,233000000,0,
234,233000001,234000000,0,
235,234000001,235000000,0,
236,235000001,236000000,0,
237,236000001,237000000,0,
238,237000001,238000000,0,
239,238000001,239000000,0,
240,239000001,240000000,0,
241,240000001,241000000,0,
242,241000001,242000000,0,
243,242000001,243000000,0,
244,243000001,244000000,0,
245,244000001,245000000,0,
246,245000001,246000000,0,
247,246000001,247000000,0,
248,247000001,248000000,0,
249,248000001,249000000,0,
250,249000001,250000000,0,
251,250000001,251000000,0,
252,251000001,252000000,0,
253,252000001,253000000,0,
254,253000001,254000000,0,
255,254000001,255000000,0,
256,255000001,256000000,0,
257,256000001,257000000,0,
258,257000001,258000000,0,
259,258000001,259000000,0,
260,259000001,260000000,0,
261,260000001,261000000,0,
262,261000001,262000000,0,
263,262000001,263000000,0,
264,263000001,264000000,0,
265,264000001,265000000,0,
266,265000001,266000000,0,
267,266000001,267000000,0,
268,267000001,268000000,0,
269,268000001,269000000,0,
270,269000001,270000000,0,
271,270000001,271000000,0,
272,271000001,272000000,0,
273,272000001,273000000,0,
274,273000001,274000000,0,
275,274000001,275000000,0,
276,275000001,276000000,0,
277,276000001,277000000,0,
278,277000001,278000000,0,
279,278000001,279000000,0,
280,279000001,280000000,0,
281,280000001,281000000,0,
282,281000001,282000000,0,
283,282000001,283000000,0,
284,283000001,284000000,0,
285,284000001,285000000,0,
286,285000001,286000000,0,
287,286000001,287000000,0,
288,287000001,288000000,0,
289,288000001,289000000,0,
290,289000001,290000000,0,
291,290000001,291000000,0,
292,291000001,292000000,0,
293,292000001,293000000,0,
294,293000001,294000000,0,
295,294000001,295000000,0,
296,295000001,296000000,0,
297,296000001,297000000,0,
298,297000001,298000000,0,
299,298000001,299000000,0,
300,299000001,300000000,0,
301,300000001,301000000,0,
302,301000001,302000000,0,
303,302000001,303000000,0,
304,303000001,304000000,0,
305,304000001,305000000,0,
306,305000001,306000000,0,
307,306000001,307000000,0,
308,307000001,308000000,0,
309,308000001,309000000,0,
310,309000001,310000000,0,
311,310000001,311000000,0,
312,311000001,312000000,0,
313,312000001,313000000,0,
314,313000001,314000000,0,
315,314000001,315000000,0,
316,315000001,316000000,0,
317,316000001,317000000,0,
318,317000001,318000000,0,
319,318000001,319000000,0,
320,319000001,320000000,0,
321,320000001,321000000,0,
322,321000001,322000000,0,
323,322000001,323000000,0,
324,323000001,324000000,0,
325,324000001,325000000,0,
326,325000001,326000000,0,
327,326000001,327000000,0,
328,327000001,328000000,0,
329,328000001,329000000,0,
330,329000001,330000000,0,
331,330000001,331000000,0,
332,331000001,332000000,0,
333,332000001,333000000,0,
334,333000001,334000000,0,
335,334000001,335000000,0,
336,335000001,336000000,0,
337,336000001,337000000,0,
338,337000001,338000000,0,
339,338000001,339000000,0,
340,339000001,340000000,0,
341,340000001,341000000,0,
342,341000001,342000000,0,
343,342000001,343000000,0,
344,343000001,344000000,0,
345,344000001,345000000,0,
346,345000001,346000000,0,
347,346000001,347000000,0,
348,347000001,348000000,0,
349,348000001,349000000,0,
350,349000001,350000000,0,
351,350000001,351000000,0,
352,351000001,352000000,0,
353,352000001,353000000,0,
354,353000001,354000000,0,
355,354000001,355000000,0,
356,355000001,356000000,0,
357,356000001,357000000,0,
358,357000001,358000000,0,
359,358000001,359000000,0,
360,359000001,360000000,0,
361,360000001,361000000,0,
362,361000001,362000000,0,
363,362000001,363000000,0,
364,363000001,364000000,0,
365,364000001,365000000,0,
366,365000001,366000000,0,
367,366000001,367000000,0,
368,367000001,368000000,0,
369,368000001,369000000,0,
370,369000001,370000000,0,
371,370000001,371000000,0,
372,371000001,372000000,0,
373,372000001,373000000,0,
374,373000001,374000000,0,
375,374000001,375000000,0,
376,375000001,376000000,0,
377,376000001,377000000,0,
378,377000001,378000000,0,
379,378000001,379000000,0,
380,379000001,380000000,0,
381,380000001,381000000,0,
382,381000001,382000000,0,
383,382000001,383000000,0,
384,383000001,384000000,0,
385,384000001,385000000,0,
386,385000001,386000000,0,
387,386000001,387000000,0,
388,387000001,388000000,0,
389,388000001,389000000,0,
390,389000001,390000000,0,
391,390000001,391000000,0,
392,391000001,392000000,0,
393,392000001,393000000,0,
394,393000001,394000000,0,
395,394000001,395000000,0,
396,395000001,396000000,0,
397,396000001,397000000,0,
398,397000001,398000000,0,
399,398000001,399000000,0,
400,399000001,400000000,0,
401,400000001,401000000,0,
402,401000001,402000000,0,
403,402000001,403000000,0,
404,403000001,404000000,0,
405,404000001,405000000,0,
406,405000001,406000000,0,
407,406000001,407000000,0,
408,407000001,408000000,0,
409,408000001,409000000,0,
410,409000001,410000000,0,
411,410000001,411000000,0,
412,411000001,412000000,0,
413,412000001,413000000,0,
414,413000001,414000000,0,
415,414000001,415000000,0,
416,415000001,416000000,0,
417,416000001,417000000,0,
418,417000001,418000000,0,
419,418000001,419000000,0,
420,419000001,420000000,0,
421,420000001,421000000,0,
422,421000001,422000000,0,
423,422000001,423000000,0,
424,423000001,424000000,0,
425,424000001,425000000,0,
426,425000001,426000000,0,
427,426000001,427000000,0,
428,427000001,428000000,0,
429,428000001,429000000,0,
430,429000001,430000000,0,
431,430000001,431000000,0,
432,431000001,432000000,0,
433,432000001,433000000,0,
434,433000001,434000000,0,
435,434000001,435000000,0,
436,435000001,436000000,0,
437,436000001,437000000,0,
438,437000001,438000000,0,
439,438000001,439000000,0,
440,439000001,440000000,0,
441,440000001,441000000,0,
442,441000001,442000000,0,
443,442000001,443000000,0,
444,443000001,444000000,0,
445,444000001,445000000,0,
446,445000001,446000000,0,
447,446000001,447000000,0,
448,447000001,448000000,0,
449,448000001,449000000,0,
450,449000001,450000000,0,
451,450000001,451000000,0,
452,451000001,452000000,0,
453,452000001,453000000,0,
454,453000001,454000000,0,
455,454000001,455000000,0,
456,455000001,456000000,0,
457,456000001,457000000,0,
458,457000001,458000000,0,
459,458000001,459000000,0,
460,459000001,460000000,0,
461,460000001,461000000,0,
462,461000001,462000000,0,
463,462000001,463000000,0,
464,463000001,464000000,0,
465,464000001,465000000,0,
466,465000001,466000000,0,
467,466000001,467000000,0,
468,467000001,468000000,0,
469,468000001,469000000,0,
470,469000001,470000000,0,
471,470000001,471000000,0,
472,471000001,472000000,0,
473,472000001,473000000,0,
474,473000001,474000000,0,
475,474000001,475000000,0,
476,475000001,476000000,0,
477,476000001,477000000,0,
478,477000001,478000000,0,
479,478000001,479000000,0,
480,479000001,480000000,0,
481,480000001,481000000,0,
482,481000001,482000000,0,
483,482000001,483000000,0,
484,483000001,484000000,0,
485,484000001,485000000,0,
486,485000001,486000000,0,
487,486000001,487000000,0,
488,487000001,488000000,0,
489,488000001,489000000,0,
490,489000001,490000000,0,
491,490000001,491000000,0,
492,491000001,492000000,0,
493,492000001,493000000,0,
494,493000001,494000000,0,
495,494000001,495000000,0,
496,495000001,496000000,0,
497,496000001,497000000,0,
498,497000001,498000000,0,
499,498000001,499000000,0,
500,499000001,500000000,0,
501,500000001,501000000,0,
502,501000001,502000000,0,
503,502000001,503000000,0,
504,503000001,504000000,0,
505,504000001,505000000,0,
506,505000001,506000000,0,
507,506000001,507000000,0,
508,507000001,508000000,0,
509,508000001,509000000,0,
510,509000001,510000000,0,
511,510000001,511000000,0,
512,511000001,512000000,0,
513,512000001,513000000,0,
514,513000001,514000000,0,
515,514000001,515000000,0,
516,515000001,516000000,0,
517,516000001,517000000,0,
518,517000001,518000000,0,
519,518000001,519000000,0,
520,519000001,520000000,0,
521,520000001,521000000,0,
522,521000001,522000000,0,
523,522000001,523000000,0,
524,523000001,524000000,0,
525,524000001,525000000,0,
526,525000001,526000000,0,
527,526000001,527000000,0,
528,527000001,528000000,0,
529,528000001,529000000,0,
530,529000001,530000000,0,
531,530000001,531000000,0,
532,531000001,532000000,0,
533,532000001,533000000,0,
534,533000001,534000000,0,
535,534000001,535000000,0,
536,535000001,536000000,0,
537,536000001,537000000,0,
538,537000001,538000000,0,
539,538000001,539000000,0,
540,539000001,540000000,0,
541,540000001,541000000,0,
542,541000001,542000000,0,
543,542000001,543000000,0,
544,543000001,544000000,0,
545,544000001,545000000,0,
546,545000001,546000000,0,
547,546000001,547000000,0,
548,547000001,548000000,0,
549,548000001,549000000,0,
550,549000001,550000000,0,
551,550000001,551000000,0,
552,551000001,552000000,0,
553,552000001,553000000,0,
554,553000001,554000000,0,
555,554000001,555000000,0,
556,555000001,556000000,0,
557,556000001,557000000,0,
558,557000001,558000000,0,
559,558000001,559000000,0,
560,559000001,560000000,0,
561,560000001,561000000,0,
562,561000001,562000000,0,
563,562000001,563000000,0,
564,563000001,564000000,0,
565,564000001,565000000,0,
566,565000001,566000000,0,
567,566000001,567000000,0,
568,567000001,568000000,0,
569,568000001,569000000,0,
570,569000001,570000000,0,
571,570000001,571000000,0,
572,571000001,572000000,0,
573,572000001,573000000,0,
574,573000001,574000000,0,
575,574000001,575000000,0,
576,575000001,576000000,0,
577,576000001,577000000,0,
578,577000001,578000000,0,
579,578000001,579000000,0,
580,579000001,580000000,0,
581,580000001,581000000,0,
582,581000001,582000000,0,
583,582000001,583000000,0,
584,583000001,584000000,0,
585,584000001,585000000,0,
586,585000001,586000000,0,
587,586000001,587000000,0,
588,587000001,588000000,0,
589,588000001,589000000,0,
590,589000001,590000000,0,
591,590000001,591000000,0,
592,591000001,592000000,0,
593,592000001,593000000,0,
594,593000001,594000000,0,
595,594000001,595000000,0,
596,595000001,596000000,0,
597,596000001,597000000,0,
598,597000001,598000000,0,
599,598000001,599000000,0,
600,599000001,600000000,0,
601,600000001,601000000,0,
602,601000001,602000000,0,
603,602000001,603000000,0,
604,603000001,604000000,0,
605,604000001,605000000,0,
606,605000001,606000000,0,
607,606000001,607000000,0,
608,607000001,608000000,0,
609,608000001,609000000,0,
610,609000001,610000000,0,
611,610000001,611000000,0,
612,611000001,612000000,0,
613,612000001,613000000,0,
614,613000001,614000000,0,
615,614000001,615000000,0,
616,615000001,616000000,0,
617,616000001,617000000,0,
618,617000001,618000000,0,
619,618000001,619000000,0,
620,619000001,620000000,0,
621,620000001,621000000,0,
622,621000001,622000000,0,
623,622000001,623000000,0,
624,623000001,624000000,0,
625,624000001,625000000,0,
626,625000001,626000000,0,
627,626000001,627000000,0,
628,627000001,628000000,0,
629,628000001,629000000,0,
630,629000001,630000000,0,
631,630000001,631000000,0,
632,631000001,632000000,0,
633,632000001,633000000,0,
634,633000001,634000000,0,
635,634000001,635000000,0,
636,635000001,636000000,0,
637,636000001,637000000,0,
638,637000001,638000000,0,
639,638000001,639000000,0,
640,639000001,640000000,0,
641,640000001,641000000,0,
642,641000001,642000000,0,
643,642000001,643000000,0,
644,643000001,644000000,0,
645,644000001,645000000,0,
646,645000001,646000000,0,
647,646000001,647000000,0,
648,647000001,648000000,0,
649,648000001,649000000,0,
650,649000001,650000000,0,
651,650000001,651000000,0,
652,651000001,652000000,0,
653,652000001,653000000,0,
654,653000001,654000000,0,
655,654000001,655000000,0,
656,655000001,656000000,0,
657,656000001,657000000,0,
658,657000001,658000000,0,
659,658000001,659000000,0,
660,659000001,660000000,0,
661,660000001,661000000,0,
662,661000001,662000000,0,
663,662000001,663000000,0,
664,663000001,664000000,0,
665,664000001,665000000,0,
666,665000001,666000000,0,
667,666000001,667000000,0,
668,667000001,668000000,0,
669,668000001,669000000,0,
670,669000001,670000000,0,
671,670000001,671000000,0,
672,671000001,672000000,0,
673,672000001,673000000,0,
674,673000001,674000000,0,
675,674000001,675000000,0,
676,675000001,676000000,0,
677,676000001,677000000,0,
678,677000001,678000000,0,
679,678000001,679000000,0,
680,679000001,680000000,0,
681,680000001,681000000,0,
682,681000001,682000000,0,
683,682000001,683000000,0,
684,683000001,684000000,0,
685,684000001,685000000,0,
686,685000001,686000000,0,
687,686000001,687000000,0,
688,687000001,688000000,0,
689,688000001,689000000,0,
690,689000001,690000000,0,
691,690000001,691000000,0,
692,691000001,692000000,0,
693,692000001,693000000,0,
694,693000001,694000000,0,
695,694000001,695000000,0,
696,695000001,696000000,0,
697,696000001,697000000,0,
698,697000001,698000000,0,
699,698000001,699000000,0,
700,699000001,700000000,0,
701,700000001,701000000,0,
702,701000001,702000000,0,
703,702000001,703000000,0,
704,703000001,704000000,0,
705,704000001,705000000,0,
706,705000001,706000000,0,
707,706000001,707000000,0,
708,707000001,708000000,0,
709,708000001,709000000,0,
710,709000001,710000000,0,
711,710000001,711000000,0,
712,711000001,712000000,0,
713,712000001,713000000,0,
714,713000001,714000000,0,
715,714000001,715000000,0,
716,715000001,716000000,0,
717,716000001,717000000,0,
718,717000001,718000000,0,
719,718000001,719000000,0,
720,719000001,720000000,0,
721,720000001,721000000,0,
722,721000001,722000000,0,
723,722000001,723000000,0,
724,723000001,724000000,0,
725,724000001,725000000,0,
726,725000001,726000000,0,
727,726000001,727000000,0,
728,727000001,728000000,0,
729,728000001,729000000,0,
730,729000001,730000000,0,
731,730000001,731000000,0,
732,731000001,732000000,0,
733,732000001,733000000,0,
734,733000001,734000000,0,
735,734000001,735000000,0,
736,735000001,736000000,0,
737,736000001,737000000,0,
738,737000001,738000000,0,
739,738000001,739000000,0,
740,739000001,740000000,0,
741,740000001,741000000,0,
742,741000001,742000000,0,
743,742000001,743000000,0,
744,743000001,744000000,0,
745,744000001,745000000,0,
746,745000001,746000000,0,
747,746000001,747000000,0,
748,747000001,748000000,0,
749,748000001,749000000,0,
750,749000001,750000000,0,
751,750000001,751000000,0,
752,751000001,752000000,0,
753,752000001,753000000,0,
754,753000001,754000000,0,
755,754000001,755000000,0,
756,755000001,756000000,0,
757,756000001,757000000,0,
758,757000001,758000000,0,
759,758000001,759000000,0,
760,759000001,760000000,0,
761,760000001,761000000,0,
762,761000001,762000000,0,
763,762000001,763000000,0,
764,763000001,764000000,0,
765,764000001,765000000,0,
766,765000001,766000000,0,
767,766000001,767000000,0,
768,767000001,768000000,0,
769,768000001,769000000,0,
770,769000001,770000000,0,
771,770000001,771000000,0,
772,771000001,772000000,0,
773,772000001,773000000,0,
774,773000001,774000000,0,
775,774000001,775000000,0,
776,775000001,776000000,0,
777,776000001,777000000,0,
778,777000001,778000000,0,
779,778000001,779000000,0,
780,779000001,780000000,0,
781,780000001,781000000,0,
782,781000001,782000000,0,
783,782000001,783000000,0,
784,783000001,784000000,0,
785,784000001,785000000,0,
786,785000001,786000000,0,
787,786000001,787000000,0,
788,787000001,788000000,0,
789,788000001,789000000,0,
790,789000001,790000000,0,
791,790000001,791000000,0,
792,791000001,792000000,0,
793,792000001,793000000,0,
794,793000001,794000000,0,
795,794000001,795000000,0,
796,795000001,796000000,0,
797,796000001,797000000,0,
798,797000001,798000000,0,
799,798000001,799000000,0,
800,799000001,800000000,0,
801,800000001,801000000,0,
802,801000001,802000000,0,
803,802000001,803000000,0,
804,803000001,804000000,0,
805,804000001,805000000,0,
806,805000001,806000000,0,
807,806000001,807000000,0,
808,807000001,808000000,0,
809,808000001,809000000,0,
810,809000001,810000000,0,
811,810000001,811000000,0,
812,811000001,812000000,0,
813,812000001,813000000,0,
814,813000001,814000000,0,
815,814000001,815000000,0,
816,815000001,816000000,0,
817,816000001,817000000,0,
818,817000001,818000000,0,
819,818000001,819000000,0,
820,819000001,820000000,0,
821,820000001,821000000,0,
822,821000001,822000000,0,
823,822000001,823000000,0,
824,823000001,824000000,0,
825,824000001,825000000,0,
826,825000001,826000000,0,
827,826000001,827000000,0,
828,827000001,828000000,0,
829,828000001,829000000,0,
830,829000001,830000000,0,
831,830000001,831000000,0,
832,831000001,832000000,0,
833,832000001,833000000,0,
834,833000001,834000000,0,
835,834000001,835000000,0,
836,835000001,836000000,0,
837,836000001,837000000,0,
838,837000001,838000000,0,
839,838000001,839000000,0,
840,839000001,840000000,0,
841,840000001,841000000,0,
842,841000001,842000000,0,
843,842000001,843000000,0,
844,843000001,844000000,0,
845,844000001,845000000,0,
846,845000001,846000000,0,
847,846000001,847000000,0,
848,847000001,848000000,0,
849,848000001,849000000,0,
850,849000001,850000000,0,
851,850000001,851000000,0,
852,851000001,852000000,0,
853,852000001,853000000,0,
854,853000001,854000000,0,
855,854000001,855000000,0,
856,855000001,856000000,0,
857,856000001,857000000,0,
858,857000001,858000000,0,
859,858000001,859000000,0,
860,859000001,860000000,0,
861,860000001,861000000,0,
862,861000001,862000000,0,
863,862000001,863000000,0,
864,863000001,864000000,0,
865,864000001,865000000,0,
866,865000001,866000000,0,
867,866000001,867000000,0,
868,867000001,868000000,0,
869,868000001,869000000,0,
870,869000001,870000000,0,
871,870000001,871000000,0,
872,871000001,872000000,0,
873,872000001,873000000,0,
874,873000001,874000000,0,
875,874000001,875000000,0,
876,875000001,876000000,0,
877,876000001,877000000,0,
878,877000001,878000000,0,
879,878000001,879000000,0,
880,879000001,880000000,0,
881,880000001,881000000,0,
882,881000001,882000000,0,
883,882000001,883000000,0,
884,883000001,884000000,0,
885,884000001,885000000,0,
886,885000001,886000000,0,
887,886000001,887000000,0,
888,887000001,888000000,0,
889,888000001,889000000,0,
890,889000001,890000000,0,
891,890000001,891000000,0,
892,891000001,892000000,0,
893,892000001,893000000,0,
894,893000001,894000000,0,
895,894000001,895000000,0,
896,895000001,896000000,0,
897,896000001,897000000,0,
898,897000001,898000000,0,
899,898000001,899000000,0,
900,899000001,900000000,0,
901,900000001,901000000,0,
902,901000001,902000000,0,
903,902000001,903000000,0,
904,903000001,904000000,0,
905,904000001,905000000,0,
906,905000001,906000000,0,
907,906000001,907000000,0,
908,907000001,908000000,0,
909,908000001,909000000,0,
910,909000001,910000000,0,
911,910000001,911000000,0,
912,911000001,912000000,0,
913,912000001,913000000,0,
914,913000001,914000000,0,
915,914000001,915000000,0,
916,915000001,916000000,0,
917,916000001,917000000,0,
918,917000001,918000000,0,
919,918000001,919000000,0,
920,919000001,920000000,0,
921,920000001,921000000,0,
922,921000001,922000000,0,
923,922000001,923000000,0,
924,923000001,924000000,0,
925,924000001,925000000,0,
926,925000001,926000000,0,
927,926000001,927000000,0,
928,927000001,928000000,0,
929,928000001,929000000,0,
930,929000001,930000000,0,
931,930000001,931000000,0,
932,931000001,932000000,0,
933,932000001,933000000,0,
934,933000001,934000000,0,
935,934000001,935000000,0,
936,935000001,936000000,0,
937,936000001,937000000,0,
938,937000001,938000000,0,
939,938000001,939000000,0,
940,939000001,940000000,0,
941,940000001,941000000,0,
942,941000001,942000000,0,
943,942000001,943000000,0,
944,943000001,944000000,0,
945,944000001,945000000,0,
946,945000001,946000000,0,
947,946000001,947000000,0,
948,947000001,948000000,0,
949,948000001,949000000,0,
950,949000001,950000000,0,
951,950000001,951000000,0,
952,951000001,952000000,0,
953,952000001,953000000,0,
954,953000001,954000000,0,
955,954000001,955000000,0,
956,955000001,956000000,0,
957,956000001,957000000,0,
958,957000001,958000000,0,
959,958000001,959000000,0,
960,959000001,960000000,0,
961,960000001,961000000,0,
962,961000001,962000000,0,
963,962000001,963000000,0,
964,963000001,964000000,0,
965,964000001,965000000,0,
966,965000001,966000000,0,
967,966000001,967000000,0,
968,967000001,968000000,0,
969,968000001,969000000,0,
970,969000001,970000000,0,
971,970000001,971000000,0,
972,971000001,972000000,0,
973,972000001,973000000,0,
974,973000001,974000000,0,
975,974000001,975000000,0,
976,975000001,976000000,0,
977,976000001,977000000,0,
978,977000001,978000000,0,
979,978000001,979000000,0,
980,979000001,980000000,0,
981,980000001,981000000,0,
982,981000001,982000000,0,
983,982000001,983000000,0,
984,983000001,984000000,0,
985,984000001,985000000,0,
986,985000001,986000000,0,
987,986000001,987000000,0,
988,987000001,988000000,0,
989,988000001,989000000,0,
990,989000001,990000000,0,
991,990000001,991000000,0,
992,991000001,992000000,0,
993,992000001,993000000,0,
994,993000001,994000000,0,
995,994000001,995000000,0,
996,995000001,996000000,0,
997,996000001,997000000,0,
998,997000001,998000000,0,
999,998000001,999000000,0,
1000,999000001,1000000000,0,
1001,1000000001,1001000000,0,
1002,1001000001,1002000000,0,
1003,1002000001,1003000000,0,
1004,1003000001,1004000000,0,
1005,1004000001,1005000000,0,
1006,1005000001,1006000000,0,
1007,1006000001,1007000000,0,
1008,1007000001,1008000000,0,
1009,1008000001,1009000000,0,
1010,1009000001,1010000000,0,
1011,1010000001,1011000000,0,
1012,1011000001,1012000000,0,
1013,1012000001,1013000000,0,
1014,1013000001,1014000000,0,
1015,1014000001,1015000000,0,
1016,1015000001,1016000000,0,
1017,1016000001,1017000000,0,
1018,1017000001,1018000000,0,
1019,1018000001,1019000000,0,
1020,1019000001,1020000000,0,
1021,1020000001,1021000000,0,
1022,1021000001,1022000000,0,
1023,1022000001,1023000000,0,
1024,1023000001,1024000000,0,
1025,1024000001,1025000000,0,
1026,1025000001,1026000000,0,
1027,1026000001,1027000000,0,
1028,1027000001,1028000000,0,
1029,1028000001,1029000000,0,
1030,1029000001,1030000000,0,
1031,1030000001,1031000000,0,
1032,1031000001,1032000000,0,
1033,1032000001,1033000000,0,
1034,1033000001,1034000000,0,
1035,1034000001,1035000000,0,
1036,1035000001,1036000000,0,
1037,1036000001,1037000000,0,
1038,1037000001,1038000000,0,
1039,1038000001,1039000000,0,
1040,1039000001,1040000000,0,
1041,1040000001,1041000000,0,
1042,1041000001,1042000000,0,
1043,1042000001,1043000000,0,
1044,1043000001,1044000000,0,
1045,1044000001,1045000000,0,
1046,1045000001,1046000000,0,
1047,1046000001,1047000000,0,
1048,1047000001,1048000000,0,
1049,1048000001,1049000000,0,
1050,1049000001,1050000000,0,
1051,1050000001,1051000000,0,
1052,1051000001,1052000000,0,
1053,1052000001,1053000000,0,
1054,1053000001,1054000000,0,
1055,1054000001,1055000000,0,
1056,1055000001,1056000000,0,
1057,1056000001,1057000000,0,
1058,1057000001,1058000000,0,
1059,1058000001,1059000000,0,
1060,1059000001,1060000000,0,
1061,1060000001,1061000000,0,
1062,1061000001,1062000000,0,
1063,1062000001,1063000000,0,
1064,1063000001,1064000000,0,
1065,1064000001,1065000000,0,
1066,1065000001,1066000000,0,
1067,1066000001,1067000000,0,
1068,1067000001,1068000000,0,
1069,1068000001,1069000000,0,
1070,1069000001,1070000000,0,
1071,1070000001,1071000000,0,
1072,1071000001,1072000000,0,
1073,1072000001,1073000000,0,
1074,1073000001,1074000000,0,
1075,1074000001,1075000000,0,
1076,1075000001,1076000000,0,
1077,1076000001,1077000000,0,
1078,1077000001,1078000000,0,
1079,1078000001,1079000000,0,
1080,1079000001,1080000000,0,
1081,1080000001,1081000000,0,
1082,1081000001,1082000000,0,
1083,1082000001,1083000000,0,
1084,1083000001,1084000000,0,
1085,1084000001,1085000000,0,
1086,1085000001,1086000000,0,
1087,1086000001,1087000000,0,
1088,1087000001,1088000000,0,
1089,1088000001,1089000000,0,
1090,1089000001,1090000000,0,
1091,1090000001,1091000000,0,
1092,1091000001,1092000000,0,
1093,1092000001,1093000000,0,
1094,1093000001,1094000000,0,
1095,1094000001,1095000000,0,
1096,1095000001,1096000000,0,
1097,1096000001,1097000000,0,
1098,1097000001,1098000000,0,
1099,1098000001,1099000000,0,
1100,1099000001,1100000000,0,
1101,1100000001,1101000000,0,
1102,1101000001,1102000000,0,
1103,1102000001,1103000000,0,
1104,1103000001,1104000000,0,
1105,1104000001,1105000000,0,
1106,1105000001,1106000000,0,
1107,1106000001,1107000000,0,
1108,1107000001,1108000000,0,
1109,1108000001,1109000000,0,
1110,1109000001,1110000000,0,
1111,1110000001,1111000000,0,
1112,1111000001,1112000000,0,
1113,1112000001,1113000000,0,
1114,1113000001,1114000000,0,
1115,1114000001,1115000000,0,
1116,1115000001,1116000000,0,
1117,1116000001,1117000000,0,
1118,1117000001,1118000000,0,
1119,1118000001,1119000000,0,
1120,1119000001,1120000000,0,
1121,1120000001,1121000000,0,
1122,1121000001,1122000000,0,
1123,1122000001,1123000000,0,
1124,1123000001,1124000000,0,
1125,1124000001,1125000000,0,
1126,1125000001,1126000000,0,
1127,1126000001,1127000000,0,
1128,1127000001,1128000000,0,
1129,1128000001,1129000000,0,
1130,1129000001,1130000000,0,
1131,1130000001,1131000000,0,
1132,1131000001,1132000000,0,
1133,1132000001,1133000000,0,
1134,1133000001,1134000000,0,
1135,1134000001,1135000000,0,
1136,1135000001,1136000000,0,
1137,1136000001,1137000000,0,
1138,1137000001,1138000000,0,
1139,1138000001,1139000000,0,
1140,1139000001,1140000000,0,
1141,1140000001,1141000000,0,
1142,1141000001,1142000000,0,
1143,1142000001,1143000000,0,
1144,1143000001,1144000000,0,
1145,1144000001,1145000000,0,
1146,1145000001,1146000000,0,
1147,1146000001,1147000000,0,
1148,1147000001,1148000000,0,
1149,1148000001,1149000000,0,
1150,1149000001,1150000000,0,
1151,1150000001,1151000000,0,
1152,1151000001,1152000000,0,
1153,1152000001,1153000000,0,
1154,1153000001,1154000000,0,
1155,1154000001,1155000000,0,
1156,1155000001,1156000000,0,
1157,1156000001,1157000000,0,
1158,1157000001,1158000000,0,
1159,1158000001,1159000000,0,
1160,1159000001,1160000000,0,
1161,1160000001,1161000000,0,
1162,1161000001,1162000000,0,
1163,1162000001,1163000000,0,
1164,1163000001,1164000000,0,
1165,1164000001,1165000000,0,
1166,1165000001,1166000000,0,
1167,1166000001,1167000000,0,
1168,1167000001,1168000000,0,
1169,1168000001,1169000000,0,
1170,1169000001,1170000000,0,
1171,1170000001,1171000000,0,
1172,1171000001,1172000000,0,
1173,1172000001,1173000000,0,
1174,1173000001,1174000000,0,
1175,1174000001,1175000000,0,
1176,1175000001,1176000000,0,
1177,1176000001,1177000000,0,
1178,1177000001,1178000000,0,
1179,1178000001,1179000000,0,
1180,1179000001,1180000000,0,
1181,1180000001,1181000000,0,
1182,1181000001,1182000000,0,
1183,1182000001,1183000000,0,
1184,1183000001,1184000000,0,
1185,1184000001,1185000000,0,
1186,1185000001,1186000000,0,
1187,1186000001,1187000000,0,
1188,1187000001,1188000000,0,
1189,1188000001,1189000000,0,
1190,1189000001,1190000000,0,
1191,1190000001,1191000000,0,
1192,1191000001,1192000000,0,
1193,1192000001,1193000000,0,
1194,1193000001,1194000000,0,
1195,1194000001,1195000000,0,
1196,1195000001,1196000000,0,
1197,1196000001,1197000000,0,
1198,1197000001,1198000000,0,
1199,1198000001,1199000000,0,
1200,1199000001,1200000000,0,
1201,1200000001,1201000000,0,
1202,1201000001,1202000000,0,
1203,1202000001,1203000000,0,
1204,1203000001,1204000000,0,
1205,1204000001,1205000000,0,
1206,1205000001,1206000000,0,
1207,1206000001,1207000000,0,
1208,1207000001,1208000000,0,
1209,1208000001,1209000000,0,
1210,1209000001,1210000000,0,
1211,1210000001,1211000000,0,
1212,1211000001,1212000000,0,
1213,1212000001,1213000000,0,
1214,1213000001,1214000000,0,
1215,1214000001,1215000000,0,
1216,1215000001,1216000000,0,
1217,1216000001,1217000000,0,
1218,1217000001,1218000000,0,
1219,1218000001,1219000000,0,
1220,1219000001,1220000000,0,
1221,1220000001,1221000000,0,
1222,1221000001,1222000000,0,
1223,1222000001,1223000000,0,
1224,1223000001,1224000000,0,
1225,1224000001,1225000000,0,
1226,1225000001,1226000000,0,
1227,1226000001,1227000000,0,
1228,1227000001,1228000000,0,
1229,1228000001,1229000000,0,
1230,1229000001,1230000000,0,
1231,1230000001,1231000000,0,
1232,1231000001,1232000000,0,
1233,1232000001,1233000000,0,
1234,1233000001,1234000000,0,
1235,1234000001,1235000000,0,
1236,1235000001,1236000000,0,
1237,1236000001,1237000000,0,
1238,1237000001,1238000000,0,
1239,1238000001,1239000000,0,
1240,1239000001,1240000000,0,
1241,1240000001,1241000000,0,
1242,1241000001,1242000000,0,
1243,1242000001,1243000000,0,
1244,1243000001,1244000000,0,
1245,1244000001,1245000000,0,
1246,1245000001,1246000000,0,
1247,1246000001,1247000000,0,
1248,1247000001,1248000000,0,
1249,1248000001,1249000000,0,
1250,1249000001,1250000000,0,
1251,1250000001,1251000000,0,
1252,1251000001,1252000000,0,
1253,1252000001,1253000000,0,
1254,1253000001,1254000000,0,
1255,1254000001,1255000000,0,
1256,1255000001,1256000000,0,
1257,1256000001,1257000000,0,
1258,1257000001,1258000000,0,
1259,1258000001,1259000000,0,
1260,1259000001,1260000000,0,
1261,1260000001,1261000000,0,
1262,1261000001,1262000000,0,
1263,1262000001,1263000000,0,
1264,1263000001,1264000000,0,
1265,1264000001,1265000000,0,
1266,1265000001,1266000000,0,
1267,1266000001,1267000000,0,
1268,1267000001,1268000000,0,
1269,1268000001,1269000000,0,
1270,1269000001,1270000000,0,
1271,1270000001,1271000000,0,
1272,1271000001,1272000000,0,
1273,1272000001,1273000000,0,
1274,1273000001,1274000000,0,
1275,1274000001,1275000000,0,
1276,1275000001,1276000000,0,
1277,1276000001,1277000000,0,
1278,1277000001,1278000000,0,
1279,1278000001,1279000000,0,
1280,1279000001,1280000000,0,
1281,1280000001,1281000000,0,
1282,1281000001,1282000000,0,
1283,1282000001,1283000000,0,
1284,1283000001,1284000000,0,
1285,1284000001,1285000000,0,
1286,1285000001,1286000000,0,
1287,1286000001,1287000000,0,
1288,1287000001,1288000000,0,
1289,1288000001,1289000000,0,
1290,1289000001,1290000000,0,
1291,1290000001,1291000000,0,
1292,1291000001,1292000000,0,
1293,1292000001,1293000000,0,
1294,1293000001,1294000000,0,
1295,1294000001,1295000000,0,
1296,1295000001,1296000000,0,
1297,1296000001,1297000000,0,
1298,1297000001,1298000000,0,
1299,1298000001,1299000000,0,
1300,1299000001,1300000000,0,
1301,1300000001,1301000000,0,
1302,1301000001,1302000000,0,
1303,1302000001,1303000000,0,
1304,1303000001,1304000000,0,
1305,1304000001,1305000000,0,
1306,1305000001,1306000000,0,
1307,1306000001,1307000000,0,
1308,1307000001,1308000000,0,
1309,1308000001,1309000000,0,
1310,1309000001,1310000000,0,
1311,1310000001,1311000000,0,
1312,1311000001,1312000000,0,
1313,1312000001,1313000000,0,
1314,1313000001,1314000000,0,
1315,1314000001,1315000000,0,
1316,1315000001,1316000000,0,
1317,1316000001,1317000000,0,
1318,1317000001,1318000000,0,
1319,1318000001,1319000000,0,
1320,1319000001,1320000000,0,
1321,1320000001,1321000000,0,
1322,1321000001,1322000000,0,
1323,1322000001,1323000000,0,
1324,1323000001,1324000000,0,
1325,1324000001,1325000000,0,
1326,1325000001,1326000000,0,
1327,1326000001,1327000000,0,
1328,1327000001,1328000000,0,
1329,1328000001,1329000000,0,
1330,1329000001,1330000000,0,
1331,1330000001,1331000000,0,
1332,1331000001,1332000000,0,
1333,1332000001,1333000000,0,
1334,1333000001,1334000000,0,
1335,1334000001,1335000000,0,
1336,1335000001,1336000000,0,
1337,1336000001,1337000000,0,
1338,1337000001,1338000000,0,
1339,1338000001,1339000000,0,
1340,1339000001,1340000000,0,
1341,1340000001,1341000000,0,
1342,1341000001,1342000000,0,
1343,1342000001,1343000000,0,
1344,1343000001,1344000000,0,
1345,1344000001,1345000000,0,
1346,1345000001,1346000000,0,
1347,1346000001,1347000000,0,
1348,1347000001,1348000000,0,
1349,1348000001,1349000000,0,
1350,1349000001,1350000000,0,
1351,1350000001,1351000000,0,
1352,1351000001,1352000000,0,
1353,1352000001,1353000000,0,
1354,1353000001,1354000000,0,
1355,1354000001,1355000000,0,
1356,1355000001,1356000000,0,
1357,1356000001,1357000000,0,
1358,1357000001,1358000000,0,
1359,1358000001,1359000000,0,
1360,1359000001,1360000000,0,
1361,1360000001,1361000000,0,
1362,1361000001,1362000000,0,
1363,1362000001,1363000000,0,
1364,1363000001,1364000000,0,
1365,1364000001,1365000000,0,
1366,1365000001,1366000000,0,
1367,1366000001,1367000000,0,
1368,1367000001,1368000000,0,
1369,1368000001,1369000000,0,
1370,1369000001,1370000000,0,
1371,1370000001,1371000000,0,
1372,1371000001,1372000000,0,
1373,1372000001,1373000000,0,
1374,1373000001,1374000000,0,
1375,1374000001,1375000000,0,
1376,1375000001,1376000000,0,
1377,1376000001,1377000000,0,
1378,1377000001,1378000000,0,
1379,1378000001,1379000000,0,
1380,1379000001,1380000000,0,
1381,1380000001,1381000000,0,
1382,1381000001,1382000000,0,
1383,1382000001,1383000000,0,
1384,1383000001,1384000000,0,
1385,1384000001,1385000000,0,
1386,1385000001,1386000000,0,
1387,1386000001,1387000000,0,
1388,1387000001,1388000000,0,
1389,1388000001,1389000000,0,
1390,1389000001,1390000000,0,
1391,1390000001,1391000000,0,
1392,1391000001,1392000000,0,
1393,1392000001,1393000000,0,
1394,1393000001,1394000000,0,
1395,1394000001,1395000000,0,
1396,1395000001,1396000000,0,
1397,1396000001,1397000000,0,
1398,1397000001,1398000000,0,
1399,1398000001,1399000000,0,
1400,1399000001,1400000000,0,
1401,1400000001,1401000000,0,
1402,1401000001,1402000000,0,
1403,1402000001,1403000000,0,
1404,1403000001,1404000000,0,
1405,1404000001,1405000000,0,
1406,1405000001,1406000000,0,
1407,1406000001,1407000000,0,
1408,1407000001,1408000000,0,
1409,1408000001,1409000000,0,
1410,1409000001,1410000000,0,
1411,1410000001,1411000000,0,
1412,1411000001,1412000000,0,
1413,1412000001,1413000000,0,
1414,1413000001,1414000000,0,
1415,1414000001,1415000000,0,
1416,1415000001,1416000000,0,
1417,1416000001,1417000000,0,
1418,1417000001,1418000000,0,
1419,1418000001,1419000000,0,
1420,1419000001,1420000000,0,
1421,1420000001,1421000000,0,
1422,1421000001,1422000000,0,
1423,1422000001,1423000000,0,
1424,1423000001,1424000000,0,
1425,1424000001,1425000000,0,
1426,1425000001,1426000000,0,
1427,1426000001,1427000000,0,
1428,1427000001,1428000000,0,
1429,1428000001,1429000000,0,
1430,1429000001,1430000000,0,
1431,1430000001,1431000000,0,
1432,1431000001,1432000000,0,
1433,1432000001,1433000000,0,
1434,1433000001,1434000000,0,
1435,1434000001,1435000000,0,
1436,1435000001,1436000000,0,
1437,1436000001,1437000000,0,
1438,1437000001,1438000000,0,
1439,1438000001,1439000000,0,
1440,1439000001,1440000000,0,
1441,1440000001,1441000000,0,
1442,1441000001,1442000000,0,
1443,1442000001,1443000000,0,
1444,1443000001,1444000000,0,
1445,1444000001,1445000000,0,
1446,1445000001,1446000000,0,
1447,1446000001,1447000000,0,
1448,1447000001,1448000000,0,
1449,1448000001,1449000000,0,
1450,1449000001,1450000000,0,
1451,1450000001,1451000000,0,
1452,1451000001,1452000000,0,
1453,1452000001,1453000000,0,
1454,1453000001,1454000000,0,
1455,1454000001,1455000000,0,
1456,1455000001,1456000000,0,
1457,1456000001,1457000000,0,
1458,1457000001,1458000000,0,
1459,1458000001,1459000000,0,
1460,1459000001,1460000000,0,
1461,1460000001,1461000000,0,
1462,1461000001,1462000000,0,
1463,1462000001,1463000000,0,
1464,1463000001,1464000000,0,
1465,1464000001,1465000000,0,
1466,1465000001,1466000000,0,
1467,1466000001,1467000000,0,
1468,1467000001,1468000000,0,
1469,1468000001,1469000000,0,
1470,1469000001,1470000000,0,
1471,1470000001,1471000000,0,
1472,1471000001,1472000000,0,
1473,1472000001,1473000000,0,
1474,1473000001,1474000000,0,
1475,1474000001,1475000000,0,
1476,1475000001,1476000000,0,
1477,1476000001,1477000000,0,
1478,1477000001,1478000000,0,
1479,1478000001,1479000000,0,
1480,1479000001,1480000000,0,
1481,1480000001,1481000000,0,
1482,1481000001,1482000000,0,
1483,1482000001,1483000000,0,
1484,1483000001,1484000000,0,
1485,1484000001,1485000000,0,
1486,1485000001,1486000000,0,
1487,1486000001,1487000000,0,
1488,1487000001,1488000000,0,
1489,1488000001,1489000000,0,
1490,1489000001,1490000000,0,
1491,1490000001,1491000000,0,
1492,1491000001,1492000000,0,
1493,1492000001,1493000000,0,
1494,1493000001,1494000000,0,
1495,1494000001,1495000000,0,
1496,1495000001,1496000000,0,
1497,1496000001,1497000000,0,
1498,1497000001,1498000000,0,
1499,1498000001,1499000000,0,
1500,1499000001,1500000000,0,
1501,1500000001,1501000000,0,
1502,1501000001,1502000000,0,
1503,1502000001,1503000000,0,
1504,1503000001,1504000000,0,
1505,1504000001,1505000000,0,
1506,1505000001,1506000000,0,
1507,1506000001,1507000000,0,
1508,1507000001,1508000000,0,
1509,1508000001,1509000000,0,
1510,1509000001,1510000000,0,
1511,1510000001,1511000000,0,
1512,1511000001,1512000000,0,
1513,1512000001,1513000000,0,
1514,1513000001,1514000000,0,
1515,1514000001,1515000000,0,
1516,1515000001,1516000000,0,
1517,1516000001,1517000000,0,
1518,1517000001,1518000000,0,
1519,1518000001,1519000000,0,
1520,1519000001,1520000000,0,
1521,1520000001,1521000000,0,
1522,1521000001,1522000000,0,
1523,1522000001,1523000000,0,
1524,1523000001,1524000000,0,
1525,1524000001,1525000000,0,
1526,1525000001,1526000000,0,
1527,1526000001,1527000000,0,
1528,1527000001,1528000000,0,
1529,1528000001,1529000000,0,
1530,1529000001,1530000000,0,
1531,1530000001,1531000000,0,
1532,1531000001,1532000000,0,
1533,1532000001,1533000000,0,
1534,1533000001,1534000000,0,
1535,1534000001,1535000000,0,
1536,1535000001,1536000000,0,
1537,1536000001,1537000000,0,
1538,1537000001,1538000000,0,
1539,1538000001,1539000000,0,
1540,1539000001,1540000000,0,
1541,1540000001,1541000000,0,
1542,1541000001,1542000000,0,
1543,1542000001,1543000000,0,
1544,1543000001,1544000000,0,
1545,1544000001,1545000000,0,
1546,1545000001,1546000000,0,
1547,1546000001,1547000000,0,
1548,1547000001,1548000000,0,
1549,1548000001,1549000000,0,
1550,1549000001,1550000000,0,
1551,1550000001,1551000000,0,
1552,1551000001,1552000000,0,
1553,1552000001,1553000000,0,
1554,1553000001,1554000000,0,
1555,1554000001,1555000000,0,
1556,1555000001,1556000000,0,
1557,1556000001,1557000000,0,
1558,1557000001,1558000000,0,
1559,1558000001,1559000000,0,
1560,1559000001,1560000000,0,
1561,1560000001,1561000000,0,
1562,1561000001,1562000000,0,
1563,1562000001,1563000000,0,
1564,1563000001,1564000000,0,
1565,1564000001,1565000000,0,
1566,1565000001,1566000000,0,
1567,1566000001,1567000000,0,
1568,1567000001,1568000000,0,
1569,1568000001,1569000000,0,
1570,1569000001,1570000000,0,
1571,1570000001,1571000000,0,
1572,1571000001,1572000000,0,
1573,1572000001,1573000000,0,
1574,1573000001,1574000000,0,
1575,1574000001,1575000000,0,
1576,1575000001,1576000000,0,
1577,1576000001,1577000000,0,
1578,1577000001,1578000000,0,
1579,1578000001,1579000000,0,
1580,1579000001,1580000000,0,
1581,1580000001,1581000000,0,
1582,1581000001,1582000000,0,
1583,1582000001,1583000000,0,
1584,1583000001,1584000000,0,
1585,1584000001,1585000000,0,
1586,1585000001,1586000000,0,
1587,1586000001,1587000000,0,
1588,1587000001,1588000000,0,
1589,1588000001,1589000000,0,
1590,1589000001,1590000000,0,
1591,1590000001,1591000000,0,
1592,1591000001,1592000000,0,
1593,1592000001,1593000000,0,
1594,1593000001,1594000000,0,
1595,1594000001,1595000000,0,
1596,1595000001,1596000000,0,
1597,1596000001,1597000000,0,
1598,1597000001,1598000000,0,
1599,1598000001,1599000000,0,
1600,1599000001,1600000000,0,
1601,1600000001,1601000000,0,
1602,1601000001,1602000000,0,
1603,1602000001,1603000000,0,
1604,1603000001,1604000000,0,
1605,1604000001,1605000000,0,
1606,1605000001,1606000000,0,
1607,1606000001,1607000000,0,
1608,1607000001,1608000000,0,
1609,1608000001,1609000000,0,
1610,1609000001,1610000000,0,
1611,1610000001,1611000000,0,
1612,1611000001,1612000000,0,
1613,1612000001,1613000000,0,
1614,1613000001,1614000000,0,
1615,1614000001,1615000000,0,
1616,1615000001,1616000000,0,
1617,1616000001,1617000000,0,
1618,1617000001,1618000000,0,
1619,1618000001,1619000000,0,
1620,1619000001,1620000000,0,
1621,1620000001,1621000000,0,
1622,1621000001,1622000000,0,
1623,1622000001,1623000000,0,
1624,1623000001,1624000000,0,
1625,1624000001,1625000000,0,
1626,1625000001,1626000000,0,
1627,1626000001,1627000000,0,
1628,1627000001,1628000000,0,
1629,1628000001,1629000000,0,
1630,1629000001,1630000000,0,
1631,1630000001,1631000000,0,
1632,1631000001,1632000000,0,
1633,1632000001,1633000000,0,
1634,1633000001,1634000000,0,
1635,1634000001,1635000000,0,
1636,1635000001,1636000000,0,
1637,1636000001,1637000000,0,
1638,1637000001,1638000000,0,
1639,1638000001,1639000000,0,
1640,1639000001,1640000000,0,
1641,1640000001,1641000000,0,
1642,1641000001,1642000000,0,
1643,1642000001,1643000000,0,
1644,1643000001,1644000000,0,
1645,1644000001,1645000000,0,
1646,1645000001,1646000000,0,
1647,1646000001,1647000000,0,
1648,1647000001,1648000000,0,
1649,1648000001,1649000000,0,
1650,1649000001,1650000000,0,
1651,1650000001,1651000000,0,
1652,1651000001,1652000000,0,
1653,1652000001,1653000000,0,
1654,1653000001,1654000000,0,
1655,1654000001,1655000000,0,
1656,1655000001,1656000000,0,
1657,1656000001,1657000000,0,
1658,1657000001,1658000000,0,
1659,1658000001,1659000000,0,
1660,1659000001,1660000000,0,
1661,1660000001,1661000000,0,
1662,1661000001,1662000000,0,
1663,1662000001,1663000000,0,
1664,1663000001,1664000000,0,
1665,1664000001,1665000000,0,
1666,1665000001,1666000000,0,
1667,1666000001,1667000000,0,
1668,1667000001,1668000000,0,
1669,1668000001,1669000000,0,
1670,1669000001,1670000000,0,
1671,1670000001,1671000000,0,
1672,1671000001,1672000000,0,
1673,1672000001,1673000000,0,
1674,1673000001,1674000000,0,
1675,1674000001,1675000000,0,
1676,1675000001,1676000000,0,
1677,1676000001,1677000000,0,
1678,1677000001,1678000000,0,
1679,1678000001,1679000000,0,
1680,1679000001,1680000000,0,
1681,1680000001,1681000000,0,
1682,1681000001,1682000000,0,
1683,1682000001,1683000000,0,
1684,1683000001,1684000000,0,
1685,1684000001,1685000000,0,
1686,1685000001,1686000000,0,
1687,1686000001,1687000000,0,
1688,1687000001,1688000000,0,
1689,1688000001,1689000000,0,
1690,1689000001,1690000000,0,
1691,1690000001,1691000000,0,
1692,1691000001,1692000000,0,
1693,1692000001,1693000000,0,
1694,1693000001,1694000000,0,
1695,1694000001,1695000000,0,
1696,1695000001,1696000000,0,
1697,1696000001,1697000000,0,
1698,1697000001,1698000000,0,
1699,1698000001,1699000000,0,
1700,1699000001,1700000000,0,
1701,1700000001,1701000000,0,
1702,1701000001,1702000000,0,
1703,1702000001,1703000000,0,
1704,1703000001,1704000000,0,
1705,1704000001,1705000000,0,
1706,1705000001,1706000000,0,
1707,1706000001,1707000000,0,
1708,1707000001,1708000000,0,
1709,1708000001,1709000000,0,
1710,1709000001,1710000000,0,
1711,1710000001,1711000000,0,
1712,1711000001,1712000000,0,
1713,1712000001,1713000000,0,
1714,1713000001,1714000000,0,
1715,1714000001,1715000000,0,
1716,1715000001,1716000000,0,
1717,1716000001,1717000000,0,
1718,1717000001,1718000000,0,
1719,1718000001,1719000000,0,
1720,1719000001,1720000000,0,
1721,1720000001,1721000000,0,
1722,1721000001,1722000000,0,
1723,1722000001,1723000000,0,
1724,1723000001,1724000000,0,
1725,1724000001,1725000000,0,
1726,1725000001,1726000000,0,
1727,1726000001,1727000000,0,
1728,1727000001,1728000000,0,
1729,1728000001,1729000000,0,
1730,1729000001,1730000000,0,
1731,1730000001,1731000000,0,
1732,1731000001,1732000000,0,
1733,1732000001,1733000000,0,
1734,1733000001,1734000000,0,
1735,1734000001,1735000000,0,
1736,1735000001,1736000000,0,
1737,1736000001,1737000000,0,
1738,1737000001,1738000000,0,
1739,1738000001,1739000000,0,
1740,1739000001,1740000000,0,
1741,1740000001,1741000000,0,
1742,1741000001,1742000000,0,
1743,1742000001,1743000000,0,
1744,1743000001,1744000000,0,
1745,1744000001,1745000000,0,
1746,1745000001,1746000000,0,
1747,1746000001,1747000000,0,
1748,1747000001,1748000000,0,
1749,1748000001,1749000000,0,
1750,1749000001,1750000000,0,
1751,1750000001,1751000000,0,
1752,1751000001,1752000000,0,
1753,1752000001,1753000000,0,
1754,1753000001,1754000000,0,
1755,1754000001,1755000000,0,
1756,1755000001,1756000000,0,
1757,1756000001,1757000000,0,
1758,1757000001,1758000000,0,
1759,1758000001,1759000000,0,
1760,1759000001,1760000000,0,
1761,1760000001,1761000000,0,
1762,1761000001,1762000000,0,
1763,1762000001,1763000000,0,
1764,1763000001,1764000000,0,
1765,1764000001,1765000000,0,
1766,1765000001,1766000000,0,
1767,1766000001,1767000000,0,
1768,1767000001,1768000000,0,
1769,1768000001,1769000000,0,
1770,1769000001,1770000000,0,
1771,1770000001,1771000000,0,
1772,1771000001,1772000000,0,
1773,1772000001,1773000000,0,
1774,1773000001,1774000000,0,
1775,1774000001,1775000000,0,
1776,1775000001,1776000000,0,
1777,1776000001,1777000000,0,
1778,1777000001,1778000000,0,
1779,1778000001,1779000000,0,
1780,1779000001,1780000000,0,
1781,1780000001,1781000000,0,
1782,1781000001,1782000000,0,
1783,1782000001,1783000000,0,
1784,1783000001,1784000000,0,
1785,1784000001,1785000000,0,
1786,1785000001,1786000000,0,
1787,1786000001,1787000000,0,
1788,1787000001,1788000000,0,
1789,1788000001,1789000000,0,
1790,1789000001,1790000000,0,
1791,1790000001,1791000000,0,
1792,1791000001,1792000000,0,
1793,1792000001,1793000000,0,
1794,1793000001,1794000000,0,
1795,1794000001,1795000000,0,
1796,1795000001,1796000000,0,
1797,1796000001,1797000000,0,
1798,1797000001,1798000000,0,
1799,1798000001,1799000000,0,
1800,1799000001,1800000000,0,
1801,1800000001,1801000000,0,
1802,1801000001,1802000000,0,
1803,1802000001,1803000000,0,
1804,1803000001,1804000000,0,
1805,1804000001,1805000000,0,
1806,1805000001,1806000000,0,
1807,1806000001,1807000000,0,
1808,1807000001,1808000000,0,
1809,1808000001,1809000000,0,
1810,1809000001,1810000000,0,
1811,1810000001,1811000000,0,
1812,1811000001,1812000000,0,
1813,1812000001,1813000000,0,
1814,1813000001,1814000000,0,
1815,1814000001,1815000000,0,
1816,1815000001,1816000000,0,
1817,1816000001,1817000000,0,
1818,1817000001,1818000000,0,
1819,1818000001,1819000000,0,
1820,1819000001,1820000000,0,
1821,1820000001,1821000000,0,
1822,1821000001,1822000000,0,
1823,1822000001,1823000000,0,
1824,1823000001,1824000000,0,
1825,1824000001,1825000000,0,
1826,1825000001,1826000000,0,
1827,1826000001,1827000000,0,
1828,1827000001,1828000000,0,
1829,1828000001,1829000000,0,
1830,1829000001,1830000000,0,
1831,1830000001,1831000000,0,
1832,1831000001,1832000000,0,
1833,1832000001,1833000000,0,
1834,1833000001,1834000000,0,
1835,1834000001,1835000000,0,
1836,1835000001,1836000000,0,
1837,1836000001,1837000000,0,
1838,1837000001,1838000000,0,
1839,1838000001,1839000000,0,
1840,1839000001,1840000000,0,
1841,1840000001,1841000000,0,
1842,1841000001,1842000000,0,
1843,1842000001,1843000000,0,
1844,1843000001,1844000000,0,
1845,1844000001,1845000000,0,
1846,1845000001,1846000000,0,
1847,1846000001,1847000000,0,
1848,1847000001,1848000000,0,
1849,1848000001,1849000000,0,
1850,1849000001,1850000000,0,
1851,1850000001,1851000000,0,
1852,1851000001,1852000000,0,
1853,1852000001,1853000000,0,
1854,1853000001,1854000000,0,
1855,1854000001,1855000000,0,
1856,1855000001,1856000000,0,
1857,1856000001,1857000000,0,
1858,1857000001,1858000000,0,
1859,1858000001,1859000000,0,
1860,1859000001,1860000000,0,
1861,1860000001,1861000000,0,
1862,1861000001,1862000000,0,
1863,1862000001,1863000000,0,
1864,1863000001,1864000000,0,
1865,1864000001,1865000000,0,
1866,1865000001,1866000000,0,
1867,1866000001,1867000000,0,
1868,1867000001,1868000000,0,
1869,1868000001,1869000000,0,
1870,1869000001,1870000000,0,
1871,1870000001,1871000000,0,
1872,1871000001,1872000000,0,
1873,1872000001,1873000000,0,
1874,1873000001,1874000000,0,
1875,1874000001,1875000000,0,
1876,1875000001,1876000000,0,
1877,1876000001,1877000000,0,
1878,1877000001,1878000000,0,
1879,1878000001,1879000000,0,
1880,1879000001,1880000000,0,
1881,1880000001,1881000000,0,
1882,1881000001,1882000000,0,
1883,1882000001,1883000000,0,
1884,1883000001,1884000000,0,
1885,1884000001,1885000000,0,
1886,1885000001,1886000000,0,
1887,1886000001,1887000000,0,
1888,1887000001,1888000000,0,
1889,1888000001,1889000000,0,
1890,1889000001,1890000000,0,
1891,1890000001,1891000000,0,
1892,1891000001,1892000000,0,
1893,1892000001,1893000000,0,
1894,1893000001,1894000000,0,
1895,1894000001,1895000000,0,
1896,1895000001,1896000000,0,
1897,1896000001,1897000000,0,
1898,1897000001,1898000000,0,
1899,1898000001,1899000000,0,
1900,1899000001,1900000000,0,
1901,1900000001,1901000000,0,
1902,1901000001,1902000000,0,
1903,1902000001,1903000000,0,
1904,1903000001,1904000000,0,
1905,1904000001,1905000000,0,
1906,1905000001,1906000000,0,
1907,1906000001,1907000000,0,
1908,1907000001,1908000000,0,
1909,1908000001,1909000000,0,
1910,1909000001,1910000000,0,
1911,1910000001,1911000000,0,
1912,1911000001,1912000000,0,
1913,1912000001,1913000000,0,
1914,1913000001,1914000000,0,
1915,1914000001,1915000000,0,
1916,1915000001,1916000000,0,
1917,1916000001,1917000000,0,
1918,1917000001,1918000000,0,
1919,1918000001,1919000000,0,
1920,1919000001,1920000000,0,
1921,1920000001,1921000000,0,
1922,1921000001,1922000000,0,
1923,1922000001,1923000000,0,
1924,1923000001,1924000000,0,
1925,1924000001,1925000000,0,
1926,1925000001,1926000000,0,
1927,1926000001,1927000000,0,
1928,1927000001,1928000000,0,
1929,1928000001,1929000000,0,
1930,1929000001,1930000000,0,
1931,1930000001,1931000000,0,
1932,1931000001,1932000000,0,
1933,1932000001,1933000000,0,
1934,1933000001,1934000000,0,
1935,1934000001,1935000000,0,
1936,1935000001,1936000000,0,
1937,1936000001,1937000000,0,
1938,1937000001,1938000000,0,
1939,1938000001,1939000000,0,
1940,1939000001,1940000000,0,
1941,1940000001,1941000000,0,
1942,1941000001,1942000000,0,
1943,1942000001,1943000000,0,
1944,1943000001,1944000000,0,
1945,1944000001,1945000000,0,
1946,1945000001,1946000000,0,
1947,1946000001,1947000000,0,
1948,1947000001,1948000000,0,
1949,1948000001,1949000000,0,
1950,1949000001,1950000000,0,
1951,1950000001,1951000000,0,
1952,1951000001,1952000000,0,
1953,1952000001,1953000000,0,
1954,1953000001,1954000000,0,
1955,1954000001,1955000000,0,
1956,1955000001,1956000000,0,
1957,1956000001,1957000000,0,
1958,1957000001,1958000000,0,
1959,1958000001,1959000000,0,
1960,1959000001,1960000000,0,
1961,1960000001,1961000000,0,
1962,1961000001,1962000000,0,
1963,1962000001,1963000000,0,
1964,1963000001,1964000000,0,
1965,1964000001,1965000000,0,
1966,1965000001,1966000000,0,
1967,1966000001,1967000000,0,
1968,1967000001,1968000000,0,
1969,1968000001,1969000000,0,
1970,1969000001,1970000000,0,
1971,1970000001,1971000000,0,
1972,1971000001,1972000000,0,
1973,1972000001,1973000000,0,
1974,1973000001,1974000000,0,
1975,1974000001,1975000000,0,
1976,1975000001,1976000000,0,
1977,1976000001,1977000000,0,
1978,1977000001,1978000000,0,
1979,1978000001,1979000000,0,
1980,1979000001,1980000000,0,
1981,1980000001,1981000000,0,
1982,1981000001,1982000000,0,
1983,1982000001,1983000000,0,
1984,1983000001,1984000000,0,
1985,1984000001,1985000000,0,
1986,1985000001,1986000000,0,
1987,1986000001,1987000000,0,
1988,1987000001,1988000000,0,
1989,1988000001,1989000000,0,
1990,1989000001,1990000000,0,
1991,1990000001,1991000000,0,
1992,1991000001,1992000000,0,
1993,1992000001,1993000000,0,
1994,1993000001,1994000000,0,
1995,1994000001,1995000000,0,
1996,1995000001,1996000000,0,
1997,1996000001,1997000000,0,
1998,1997000001,1998000000,0,
1999,1998000001,1999000000,0,
2000,1999000001,2000000000,0,
2001,2000000001,2001000000,0,
2002,2001000001,2002000000,0,
2003,2002000001,2003000000,0,
2004,2003000001,2004000000,0,
2005,2004000001,2005000000,0,
2006,2005000001,2006000000,0,
2007,2006000001,2007000000,0,
2008,2007000001,2008000000,0,
2009,2008000001,2009000000,0,
2010,2009000001,2010000000,0,
2011,2010000001,2011000000,0,
2012,2011000001,2012000000,0,
2013,2012000001,2013000000,0,
2014,2013000001,2014000000,0,
2015,2014000001,2015000000,0,
2016,2015000001,2016000000,0,
2017,2016000001,2017000000,0,
2018,2017000001,2018000000,0,
2019,2018000001,2019000000,0,
2020,2019000001,2020000000,0,
2021,2020000001,2021000000,0,
2022,2021000001,2022000000,0,
2023,2022000001,2023000000,0,
2024,2023000001,2024000000,0,
2025,2024000001,2025000000,0,
2026,2025000001,2026000000,0,
2027,2026000001,2027000000,0,
2028,2027000001,2028000000,0,
2029,2028000001,2029000000,0,
2030,2029000001,2030000000,0,
2031,2030000001,2031000000,0,
2032,2031000001,2032000000,0,
2033,2032000001,2033000000,0,
2034,2033000001,2034000000,0,
2035,2034000001,2035000000,0,
2036,2035000001,2036000000,0,
2037,2036000001,2037000000,0,
2038,2037000001,2038000000,0,
2039,2038000001,2039000000,0,
2040,2039000001,2040000000,0,
2041,2040000001,2041000000,0,
2042,2041000001,2042000000,0,
2043,2042000001,2043000000,0,
2044,2043000001,2044000000,0,
2045,2044000001,2045000000,0,
2046,2045000001,2046000000,0,
2047,2046000001,2047000000,0,
2048,2047000001,2048000000,0,
2049,2048000001,2049000000,0,
2050,2049000001,2050000000,0,
2051,2050000001,2051000000,0,
2052,2051000001,2052000000,0,
2053,2052000001,2053000000,0,
2054,2053000001,2054000000,0,
2055,2054000001,2055000000,0,
2056,2055000001,2056000000,0,
2057,2056000001,2057000000,0,
2058,2057000001,2058000000,0,
2059,2058000001,2059000000,0,
2060,2059000001,2060000000,0,
2061,2060000001,2061000000,0,
2062,2061000001,2062000000,0,
2063,2062000001,2063000000,0,
2064,2063000001,2064000000,0,
2065,2064000001,2065000000,0,
2066,2065000001,2066000000,0,
2067,2066000001,2067000000,0,
2068,2067000001,2068000000,0,
2069,2068000001,2069000000,0,
2070,2069000001,2070000000,0,
2071,2070000001,2071000000,0,
2072,2071000001,2072000000,0,
2073,2072000001,2073000000,0,
2074,2073000001,2074000000,0,
2075,2074000001,2075000000,0,
2076,2075000001,2076000000,0,
2077,2076000001,2077000000,0,
2078,2077000001,2078000000,0,
2079,2078000001,2079000000,0,
2080,2079000001,2080000000,0,
2081,2080000001,2081000000,0,
2082,2081000001,2082000000,0,
2083,2082000001,2083000000,0,
2084,2083000001,2084000000,0,
2085,2084000001,2085000000,0,
2086,2085000001,2086000000,0,
2087,2086000001,2087000000,0,
2088,2087000001,2088000000,0,
2089,2088000001,2089000000,0,
2090,2089000001,2090000000,0,
2091,2090000001,2091000000,0,
2092,2091000001,2092000000,0,
2093,2092000001,2093000000,0,
2094,2093000001,2094000000,0,
2095,2094000001,2095000000,0,
2096,2095000001,2096000000,0,
2097,2096000001,2097000000,0,
2098,2097000001,2098000000,0,
2099,2098000001,2099000000,0,
2100,2099000001,2100000000,0,
2101,2100000001,2101000000,0,
2102,2101000001,2102000000,0,
2103,2102000001,2103000000,0,
2104,2103000001,2104000000,0,
2105,2104000001,2105000000,0,
2106,2105000001,2106000000,0,
2107,2106000001,2107000000,0,
2108,2107000001,2108000000,0,
2109,2108000001,2109000000,0,
2110,2109000001,2110000000,0,
2111,2110000001,2111000000,0,
2112,2111000001,2112000000,0,
2113,2112000001,2113000000,0,
2114,2113000001,2114000000,0,
2115,2114000001,2115000000,0,
2116,2115000001,2116000000,0,
2117,2116000001,2117000000,0,
2118,2117000001,2118000000,0,
2119,2118000001,2119000000,0,
2120,2119000001,2120000000,0,
2121,2120000001,2121000000,0,
2122,2121000001,2122000000,0,
2123,2122000001,2123000000,0,
2124,2123000001,2124000000,0,
2125,2124000001,2125000000,0,
2126,2125000001,2126000000,0,
2127,2126000001,2127000000,0,
2128,2127000001,2128000000,0,
2129,2128000001,2129000000,0,
2130,2129000001,2130000000,0,
2131,2130000001,2131000000,0,
2132,2131000001,2132000000,0,
2133,2132000001,2133000000,0,
2134,2133000001,2134000000,0,
2135,2134000001,2135000000,0,
2136,2135000001,2136000000,0,
2137,2136000001,2137000000,0,
2138,2137000001,2138000000,0,
2139,2138000001,2139000000,0,
2140,2139000001,2140000000,0,
2141,2140000001,2141000000,0,
2142,2141000001,2142000000,0,
2143,2142000001,2143000000,0,
2144,2143000001,2144000000,0,
2145,2144000001,2145000000,0,
2146,2145000001,2146000000,0,
2147,2146000001,2147000000,0,
2148,2147000001,2148000000,0,
2149,2148000001,2149000000,0,
2150,2149000001,2150000000,0,
2151,2150000001,2151000000,0,
2152,2151000001,2152000000,0,
2153,2152000001,2153000000,0,
2154,2153000001,2154000000,0,
2155,2154000001,2155000000,0,
2156,2155000001,2156000000,0,
2157,2156000001,2157000000,0,
2158,2157000001,2158000000,0,
2159,2158000001,2159000000,0,
2160,2159000001,2160000000,0,
2161,2160000001,2161000000,0,
2162,2161000001,2162000000,0,
2163,2162000001,2163000000,0,
2164,2163000001,2164000000,0,
2165,2164000001,2165000000,0,
2166,2165000001,2166000000,0,
2167,2166000001,2167000000,0,
2168,2167000001,2168000000,0,
2169,2168000001,2169000000,0,
2170,2169000001,2170000000,0,
2171,2170000001,2171000000,0,
2172,2171000001,2172000000,0,
2173,2172000001,2173000000,0,
2174,2173000001,2174000000,0,
2175,2174000001,2175000000,0,
2176,2175000001,2176000000,0,
2177,2176000001,2177000000,0,
2178,2177000001,2178000000,0,
2179,2178000001,2179000000,0,
2180,2179000001,2180000000,0,
2181,2180000001,2181000000,0,
2182,2181000001,2182000000,0,
2183,2182000001,2183000000,0,
2184,2183000001,2184000000,0,
2185,2184000001,2185000000,0,
2186,2185000001,2186000000,0,
2187,2186000001,2187000000,0,
2188,2187000001,2188000000,0,
2189,2188000001,2189000000,0,
2190,2189000001,2190000000,0,
2191,2190000001,2191000000,0,
2192,2191000001,2192000000,0,
2193,2192000001,2193000000,0,
2194,2193000001,2194000000,0,
2195,2194000001,2195000000,0,
2196,2195000001,2196000000,0,
2197,2196000001,2197000000,0,
2198,2197000001,2198000000,0,
2199,2198000001,2199000000,0,
2200,2199000001,2200000000,0,
2201,2200000001,2201000000,0,
2202,2201000001,2202000000,0,
2203,2202000001,2203000000,0,
2204,2203000001,2204000000,0,
2205,2204000001,2205000000,0,
2206,2205000001,2206000000,0,
2207,2206000001,2207000000,0,
2208,2207000001,2208000000,0,
2209,2208000001,2209000000,0,
2210,2209000001,2210000000,0,
2211,2210000001,2211000000,0,
2212,2211000001,2212000000,0,
2213,2212000001,2213000000,0,
2214,2213000001,2214000000,0,
2215,2214000001,2215000000,0,
2216,2215000001,2216000000,0,
2217,2216000001,2217000000,0,
2218,2217000001,2218000000,0,
2219,2218000001,2219000000,0,
2220,2219000001,2220000000,0,
2221,2220000001,2221000000,0,
2222,2221000001,2222000000,0,
2223,2222000001,2223000000,0,
2224,2223000001,2224000000,0,
2225,2224000001,2225000000,0,
2226,2225000001,2226000000,0,
2227,2226000001,2227000000,0,
2228,2227000001,2228000000,0,
2229,2228000001,2229000000,0,
2230,2229000001,2230000000,0,
2231,2230000001,2231000000,0,
2232,2231000001,2232000000,0,
2233,2232000001,2233000000,0,
2234,2233000001,2234000000,0,
2235,2234000001,2235000000,0,
2236,2235000001,2236000000,0,
2237,2236000001,2237000000,0,
2238,2237000001,2238000000,0,
2239,2238000001,2239000000,0,
2240,2239000001,2240000000,0,
2241,2240000001,2241000000,0,
2242,2241000001,2242000000,0,
2243,2242000001,2243000000,0,
2244,2243000001,2244000000,0,
2245,2244000001,2245000000,0,
2246,2245000001,2246000000,0,
2247,2246000001,2247000000,0,
2248,2247000001,2248000000,0,
2249,2248000001,2249000000,0,
2250,2249000001,2250000000,0,
2251,2250000001,2251000000,0,
2252,2251000001,2252000000,0,
2253,2252000001,2253000000,0,
2254,2253000001,2254000000,0,
2255,2254000001,2255000000,0,
2256,2255000001,2256000000,0,
2257,2256000001,2257000000,0,
2258,2257000001,2258000000,0,
2259,2258000001,2259000000,0,
2260,2259000001,2260000000,0,
2261,2260000001,2261000000,0,
2262,2261000001,2262000000,0,
2263,2262000001,2263000000,0,
2264,2263000001,2264000000,0,
2265,2264000001,2265000000,0,
2266,2265000001,2266000000,0,
2267,2266000001,2267000000,0,
2268,2267000001,2268000000,0,
2269,2268000001,2269000000,0,
2270,2269000001,2270000000,0,
2271,2270000001,2271000000,0,
2272,2271000001,2272000000,0,
2273,2272000001,2273000000,0,
2274,2273000001,2274000000,0,
2275,2274000001,2275000000,0,
2276,2275000001,2276000000,0,
2277,2276000001,2277000000,0,
2278,2277000001,2278000000,0,
2279,2278000001,2279000000,0,
2280,2279000001,2280000000,0,
2281,2280000001,2281000000,0,
2282,2281000001,2282000000,0,
2283,2282000001,2283000000,0,
2284,2283000001,2284000000,0,
2285,2284000001,2285000000,0,
2286,2285000001,2286000000,0,
2287,2286000001,2287000000,0,
2288,2287000001,2288000000,0,
2289,2288000001,2289000000,0,
2290,2289000001,2290000000,0,
2291,2290000001,2291000000,0,
2292,2291000001,2292000000,0,
2293,2292000001,2293000000,0,
2294,2293000001,2294000000,0,
2295,2294000001,2295000000,0,
2296,2295000001,2296000000,0,
2297,2296000001,2297000000,0,
2298,2297000001,2298000000,0,
2299,2298000001,2299000000,0,
2300,2299000001,2300000000,0,
2301,2300000001,2301000000,0,
2302,2301000001,2302000000,0,
2303,2302000001,2303000000,0,
2304,2303000001,2304000000,0,
2305,2304000001,2305000000,0,
2306,2305000001,2306000000,0,
2307,2306000001,2307000000,0,
2308,2307000001,2308000000,0,
2309,2308000001,2309000000,0,
2310,2309000001,2310000000,0,
2311,2310000001,2311000000,0,
2312,2311000001,2312000000,0,
2313,2312000001,2313000000,0,
2314,2313000001,2314000000,0,
2315,2314000001,2315000000,0,
2316,2315000001,2316000000,0,
2317,2316000001,2317000000,0,
2318,2317000001,2318000000,0,
2319,2318000001,2319000000,0,
2320,2319000001,2320000000,0,
2321,2320000001,2321000000,0,
2322,2321000001,2322000000,0,
2323,2322000001,2323000000,0,
2324,2323000001,2324000000,0,
2325,2324000001,2325000000,0,
2326,2325000001,2326000000,0,
2327,2326000001,2327000000,0,
2328,2327000001,2328000000,0,
2329,2328000001,2329000000,0,
2330,2329000001,2330000000,0,
2331,2330000001,2331000000,0,
2332,2331000001,2332000000,0,
2333,2332000001,2333000000,0,
2334,2333000001,2334000000,0,
2335,2334000001,2335000000,0,
2336,2335000001,2336000000,0,
2337,2336000001,2337000000,0,
2338,2337000001,2338000000,0,
2339,2338000001,2339000000,0,
2340,2339000001,2340000000,0,
2341,2340000001,2341000000,0,
2342,2341000001,2342000000,0,
2343,2342000001,2343000000,0,
2344,2343000001,2344000000,0,
2345,2344000001,2345000000,0,
2346,2345000001,2346000000,0,
2347,2346000001,2347000000,0,
2348,2347000001,2348000000,0,
2349,2348000001,2349000000,0,
2350,2349000001,2350000000,0,
2351,2350000001,2351000000,0,
2352,2351000001,2352000000,0,
2353,2352000001,2353000000,0,
2354,2353000001,2354000000,0,
2355,2354000001,2355000000,0,
2356,2355000001,2356000000,0,
2357,2356000001,2357000000,0,
2358,2357000001,2358000000,0,
2359,2358000001,2359000000,0,
2360,2359000001,2360000000,0,
2361,2360000001,2361000000,0,
2362,2361000001,2362000000,0,
2363,2362000001,2363000000,0,
2364,2363000001,2364000000,0,
2365,2364000001,2365000000,0,
2366,2365000001,2366000000,0,
2367,2366000001,2367000000,0,
2368,2367000001,2368000000,0,
2369,2368000001,2369000000,0,
2370,2369000001,2370000000,0,
2371,2370000001,2371000000,0,
2372,2371000001,2372000000,0,
2373,2372000001,2373000000,0,
2374,2373000001,2374000000,0,
2375,2374000001,2375000000,0,
2376,2375000001,2376000000,0,
2377,2376000001,2377000000,0,
2378,2377000001,2378000000,0,
2379,2378000001,2379000000,0,
2380,2379000001,2380000000,0,
2381,2380000001,2381000000,0,
2382,2381000001,2382000000,0,
2383,2382000001,2383000000,0,
2384,2383000001,2384000000,0,
2385,2384000001,2385000000,0,
2386,2385000001,2386000000,0,
2387,2386000001,2387000000,0,
2388,2387000001,2388000000,0,
2389,2388000001,2389000000,0,
2390,2389000001,2390000000,0,
2391,2390000001,2391000000,0,
2392,2391000001,2392000000,0,
2393,2392000001,2393000000,0,
2394,2393000001,2394000000,0,
2395,2394000001,2395000000,0,
2396,2395000001,2396000000,0,
2397,2396000001,2397000000,0,
2398,2397000001,2398000000,0,
2399,2398000001,2399000000,0,
2400,2399000001,2400000000,0,
2401,2400000001,2401000000,0,
2402,2401000001,2402000000,0,
2403,2402000001,2403000000,0,
2404,2403000001,2404000000,0,
2405,2404000001,2405000000,0,
2406,2405000001,2406000000,0,
2407,2406000001,2407000000,0,
2408,2407000001,2408000000,0,
2409,2408000001,2409000000,0,
2410,2409000001,2410000000,0,
2411,2410000001,2411000000,0,
2412,2411000001,2412000000,0,
2413,2412000001,2413000000,0,
2414,2413000001,2414000000,0,
2415,2414000001,2415000000,0,
2416,2415000001,2416000000,0,
2417,2416000001,2417000000,0,
2418,2417000001,2418000000,0,
2419,2418000001,2419000000,0,
2420,2419000001,2420000000,0,
2421,2420000001,2421000000,0,
2422,2421000001,2422000000,0,
2423,2422000001,2423000000,0,
2424,2423000001,2424000000,0,
2425,2424000001,2425000000,0,
2426,2425000001,2426000000,0,
2427,2426000001,2427000000,0,
2428,2427000001,2428000000,0,
2429,2428000001,2429000000,0,
2430,2429000001,2430000000,0,
2431,2430000001,2431000000,0,
2432,2431000001,2432000000,0,
2433,2432000001,2433000000,0,
2434,2433000001,2434000000,0,
2435,2434000001,2435000000,0,
2436,2435000001,2436000000,0,
2437,2436000001,2437000000,0,
2438,2437000001,2438000000,0,
2439,2438000001,2439000000,0,
2440,2439000001,2440000000,0,
2441,2440000001,2441000000,0,
2442,2441000001,2442000000,0,
2443,2442000001,2443000000,0,
2444,2443000001,2444000000,0,
2445,2444000001,2445000000,0,
2446,2445000001,2446000000,0,
2447,2446000001,2447000000,0,
2448,2447000001,2448000000,0,
2449,2448000001,2449000000,0,
2450,2449000001,2450000000,0,
2451,2450000001,2451000000,0,
2452,2451000001,2452000000,0,
2453,2452000001,2453000000,0,
2454,2453000001,2454000000,0,
2455,2454000001,2455000000,0,
2456,2455000001,2456000000,0,
2457,2456000001,2457000000,0,
2458,2457000001,2458000000,0,
2459,2458000001,2459000000,0,
2460,2459000001,2460000000,0,
2461,2460000001,2461000000,0,
2462,2461000001,2462000000,0,
2463,2462000001,2463000000,0,
2464,2463000001,2464000000,0,
2465,2464000001,2465000000,0,
2466,2465000001,2466000000,0,
2467,2466000001,2467000000,0,
2468,2467000001,2468000000,0,
2469,2468000001,2469000000,0,
2470,2469000001,2470000000,0,
2471,2470000001,2471000000,0,
2472,2471000001,2472000000,0,
2473,2472000001,2473000000,0,
2474,2473000001,2474000000,0,
2475,2474000001,2475000000,0,
2476,2475000001,2476000000,0,
2477,2476000001,2477000000,0,
2478,2477000001,2478000000,0,
2479,2478000001,2479000000,0,
2480,2479000001,2480000000,0,
2481,2480000001,2481000000,0,
2482,2481000001,2482000000,0,
2483,2482000001,2483000000,0,
2484,2483000001,2484000000,0,
2485,2484000001,2485000000,0,
2486,2485000001,2486000000,0,
2487,2486000001,2487000000,0,
2488,2487000001,2488000000,0,
2489,2488000001,2489000000,0,
2490,2489000001,2490000000,0,
2491,2490000001,2491000000,0,
2492,2491000001,2492000000,0,
2493,2492000001,2493000000,0,
2494,2493000001,2494000000,0,
2495,2494000001,2495000000,0,
2496,2495000001,2496000000,0,
2497,2496000001,2497000000,0,
2498,2497000001,2498000000,0,
2499,2498000001,2499000000,0,
2500,2499000001,2500000000,0,
2501,2500000001,2501000000,0,
2502,2501000001,2502000000,0,
2503,2502000001,2503000000,0,
2504,2503000001,2504000000,0,
2505,2504000001,2505000000,0,
2506,2505000001,2506000000,0,
2507,2506000001,2507000000,0,
2508,2507000001,2508000000,0,
2509,2508000001,2509000000,0,
2510,2509000001,2510000000,0,
2511,2510000001,2511000000,0,
2512,2511000001,2512000000,0,
2513,2512000001,2513000000,0,
2514,2513000001,2514000000,0,
2515,2514000001,2515000000,0,
2516,2515000001,2516000000,0,
2517,2516000001,2517000000,0,
2518,2517000001,2518000000,0,
2519,2518000001,2519000000,0,
2520,2519000001,2520000000,0,
2521,2520000001,2521000000,0,
2522,2521000001,2522000000,0,
2523,2522000001,2523000000,0,
2524,2523000001,2524000000,0,
2525,2524000001,2525000000,0,
2526,2525000001,2526000000,0,
2527,2526000001,2527000000,0,
2528,2527000001,2528000000,0,
2529,2528000001,2529000000,0,
2530,2529000001,2530000000,0,
2531,2530000001,2531000000,0,
2532,2531000001,2532000000,0,
2533,2532000001,2533000000,0,
2534,2533000001,2534000000,0,
2535,2534000001,2535000000,0,
2536,2535000001,2536000000,0,
2537,2536000001,2537000000,0,
2538,2537000001,2538000000,0,
2539,2538000001,2539000000,0,
2540,2539000001,2540000000,0,
2541,2540000001,2541000000,0,
2542,2541000001,2542000000,0,
2543,2542000001,2543000000,0,
2544,2543000001,2544000000,0,
2545,2544000001,2545000000,0,
2546,2545000001,2546000000,0,
2547,2546000001,2547000000,0,
2548,2547000001,2548000000,0,
2549,2548000001,2549000000,0,
2550,2549000001,2550000000,0,
2551,2550000001,2551000000,0,
2552,2551000001,2552000000,0,
2553,2552000001,2553000000,0,
2554,2553000001,2554000000,0,
2555,2554000001,2555000000,0,
2556,2555000001,2556000000,0,
2557,2556000001,2557000000,0,
2558,2557000001,2558000000,0,
2559,2558000001,2559000000,0,
2560,2559000001,2560000000,0,
2561,2560000001,2561000000,0,
2562,2561000001,2562000000,0,
2563,2562000001,2563000000,0,
2564,2563000001,2564000000,0,
2565,2564000001,2565000000,0,
2566,2565000001,2566000000,0,
2567,2566000001,2567000000,0,
2568,2567000001,2568000000,0,
2569,2568000001,2569000000,0,
2570,2569000001,2570000000,0,
2571,2570000001,2571000000,0,
2572,2571000001,2572000000,0,
2573,2572000001,2573000000,0,
2574,2573000001,2574000000,0,
2575,2574000001,2575000000,0,
2576,2575000001,2576000000,0,
2577,2576000001,2577000000,0,
2578,2577000001,2578000000,0,
2579,2578000001,2579000000,0,
2580,2579000001,2580000000,0,
2581,2580000001,2581000000,0,
2582,2581000001,2582000000,0,
2583,2582000001,2583000000,0,
2584,2583000001,2584000000,0,
2585,2584000001,2585000000,0,
2586,2585000001,2586000000,0,
2587,2586000001,2587000000,0,
2588,2587000001,2588000000,0,
2589,2588000001,2589000000,0,
2590,2589000001,2590000000,0,
2591,2590000001,2591000000,0,
2592,2591000001,2592000000,0,
2593,2592000001,2593000000,0,
2594,2593000001,2594000000,0,
2595,2594000001,2595000000,0,
2596,2595000001,2596000000,0,
2597,2596000001,2597000000,0,
2598,2597000001,2598000000,0,
2599,2598000001,2599000000,0,
2600,2599000001,2600000000,0,
2601,2600000001,2601000000,0,
2602,2601000001,2602000000,0,
2603,2602000001,2603000000,0,
2604,2603000001,2604000000,0,
2605,2604000001,2605000000,0,
2606,2605000001,2606000000,0,
2607,2606000001,2607000000,0,
2608,2607000001,2608000000,0,
2609,2608000001,2609000000,0,
2610,2609000001,2610000000,0,
2611,2610000001,2611000000,0,
2612,2611000001,2612000000,0,
2613,2612000001,2613000000,0,
2614,2613000001,2614000000,0,
2615,2614000001,2615000000,0,
2616,2615000001,2616000000,0,
2617,2616000001,2617000000,0,
2618,2617000001,2618000000,0,
2619,2618000001,2619000000,0,
2620,2619000001,2620000000,0,
2621,2620000001,2621000000,0,
2622,2621000001,2622000000,0,
2623,2622000001,2623000000,0,
2624,2623000001,2624000000,0,
2625,2624000001,2625000000,0,
2626,2625000001,2626000000,0,
2627,2626000001,2627000000,0,
2628,2627000001,2628000000,0,
2629,2628000001,2629000000,0,
2630,2629000001,2630000000,0,
2631,2630000001,2631000000,0,
2632,2631000001,2632000000,0,
2633,2632000001,2633000000,0,
2634,2633000001,2634000000,0,
2635,2634000001,2635000000,0,
2636,2635000001,2636000000,0,
2637,2636000001,2637000000,0,
2638,2637000001,2638000000,0,
2639,2638000001,2639000000,0,
2640,2639000001,2640000000,0,
2641,2640000001,2641000000,0,
2642,2641000001,2642000000,0,
2643,2642000001,2643000000,0,
2644,2643000001,2644000000,0,
2645,2644000001,2645000000,0,
2646,2645000001,2646000000,0,
2647,2646000001,2647000000,0,
2648,2647000001,2648000000,0,
2649,2648000001,2649000000,0,
2650,2649000001,2650000000,0,
2651,2650000001,2651000000,0,
2652,2651000001,2652000000,0,
2653,2652000001,2653000000,0,
2654,2653000001,2654000000,0,
2655,2654000001,2655000000,0,
2656,2655000001,2656000000,0,
2657,2656000001,2657000000,0,
2658,2657000001,2658000000,0,
2659,2658000001,2659000000,0,
2660,2659000001,2660000000,0,
2661,2660000001,2661000000,0,
2662,2661000001,2662000000,0,
2663,2662000001,2663000000,0,
2664,2663000001,2664000000,0,
2665,2664000001,2665000000,0,
2666,2665000001,2666000000,0,
2667,2666000001,2667000000,0,
2668,2667000001,2668000000,0,
2669,2668000001,2669000000,0,
2670,2669000001,2670000000,0,
2671,2670000001,2671000000,0,
2672,2671000001,2672000000,0,
2673,2672000001,2673000000,0,
2674,2673000001,2674000000,0,
2675,2674000001,2675000000,0,
2676,2675000001,2676000000,0,
2677,2676000001,2677000000,0,
2678,2677000001,2678000000,0,
2679,2678000001,2679000000,0,
2680,2679000001,2680000000,0,
2681,2680000001,2681000000,0,
2682,2681000001,2682000000,0,
2683,2682000001,2683000000,0,
2684,2683000001,2684000000,0,
2685,2684000001,2685000000,0,
2686,2685000001,2686000000,0,
2687,2686000001,2687000000,0,
2688,2687000001,2688000000,0,
2689,2688000001,2689000000,0,
2690,2689000001,2690000000,0,
2691,2690000001,2691000000,0,
2692,2691000001,2692000000,0,
2693,2692000001,2693000000,0,
2694,2693000001,2694000000,0,
2695,2694000001,2695000000,0,
2696,2695000001,2696000000,0,
2697,2696000001,2697000000,0,
2698,2697000001,2698000000,0,
2699,2698000001,2699000000,0,
2700,2699000001,2700000000,0,
2701,2700000001,2701000000,0,
2702,2701000001,2702000000,0,
2703,2702000001,2703000000,0,
2704,2703000001,2704000000,0,
2705,2704000001,2705000000,0,
2706,2705000001,2706000000,0,
2707,2706000001,2707000000,0,
2708,2707000001,2708000000,0,
2709,2708000001,2709000000,0,
2710,2709000001,2710000000,0,
2711,2710000001,2711000000,0,
2712,2711000001,2712000000,0,
2713,2712000001,2713000000,0,
2714,2713000001,2714000000,0,
2715,2714000001,2715000000,0,
2716,2715000001,2716000000,0,
2717,2716000001,2717000000,0,
2718,2717000001,2718000000,0,
2719,2718000001,2719000000,0,
2720,2719000001,2720000000,0,
2721,2720000001,2721000000,0,
2722,2721000001,2722000000,0,
2723,2722000001,2723000000,0,
2724,2723000001,2724000000,0,
2725,2724000001,2725000000,0,
2726,2725000001,2726000000,0,
2727,2726000001,2727000000,0,
2728,2727000001,2728000000,0,
2729,2728000001,2729000000,0,
2730,2729000001,2730000000,0,
2731,2730000001,2731000000,0,
2732,2731000001,2732000000,0,
2733,2732000001,2733000000,0,
2734,2733000001,2734000000,0,
2735,2734000001,2735000000,0,
2736,2735000001,2736000000,0,
2737,2736000001,2737000000,0,
2738,2737000001,2738000000,0,
2739,2738000001,2739000000,0,
2740,2739000001,2740000000,0,
2741,2740000001,2741000000,0,
2742,2741000001,2742000000,0,
2743,2742000001,2743000000,0,
2744,2743000001,2744000000,0,
2745,2744000001,2745000000,0,
2746,2745000001,2746000000,0,
2747,2746000001,2747000000,0,
2748,2747000001,2748000000,0,
2749,2748000001,2749000000,0,
2750,2749000001,2750000000,0,
2751,2750000001,2751000000,0,
2752,2751000001,2752000000,0,
2753,2752000001,2753000000,0,
2754,2753000001,2754000000,0,
2755,2754000001,2755000000,0,
2756,2755000001,2756000000,0,
2757,2756000001,2757000000,0,
2758,2757000001,2758000000,0,
2759,2758000001,2759000000,0,
2760,2759000001,2760000000,0,
2761,2760000001,2761000000,0,
2762,2761000001,2762000000,0,
2763,2762000001,2763000000,0,
2764,2763000001,2764000000,0,
2765,2764000001,2765000000,0,
2766,2765000001,2766000000,0,
2767,2766000001,2767000000,0,
2768,2767000001,2768000000,0,
2769,2768000001,2769000000,0,
2770,2769000001,2770000000,0,
2771,2770000001,2771000000,0,
2772,2771000001,2772000000,0,
2773,2772000001,2773000000,0,
2774,2773000001,2774000000,0,
2775,2774000001,2775000000,0,
2776,2775000001,2776000000,0,
2777,2776000001,2777000000,0,
2778,2777000001,2778000000,0,
2779,2778000001,2779000000,0,
2780,2779000001,2780000000,0,
2781,2780000001,2781000000,0,
2782,2781000001,2782000000,0,
2783,2782000001,2783000000,0,
2784,2783000001,2784000000,0,
2785,2784000001,2785000000,0,
2786,2785000001,2786000000,0,
2787,2786000001,2787000000,0,
2788,2787000001,2788000000,0,
2789,2788000001,2789000000,0,
2790,2789000001,2790000000,0,
2791,2790000001,2791000000,0,
2792,2791000001,2792000000,0,
2793,2792000001,2793000000,0,
2794,2793000001,2794000000,0,
2795,2794000001,2795000000,0,
2796,2795000001,2796000000,0,
2797,2796000001,2797000000,0,
2798,2797000001,2798000000,0,
2799,2798000001,2799000000,0,
2800,2799000001,2800000000,0,
2801,2800000001,2801000000,0,
2802,2801000001,2802000000,0,
2803,2802000001,2803000000,0,
2804,2803000001,2804000000,0,
2805,2804000001,2805000000,0,
2806,2805000001,2806000000,0,
2807,2806000001,2807000000,0,
2808,2807000001,2808000000,0,
2809,2808000001,2809000000,0,
2810,2809000001,2810000000,0,
2811,2810000001,2811000000,0,
2812,2811000001,2812000000,0,
2813,2812000001,2813000000,0,
2814,2813000001,2814000000,0,
2815,2814000001,2815000000,0,
2816,2815000001,2816000000,0,
2817,2816000001,2817000000,0,
2818,2817000001,2818000000,0,
2819,2818000001,2819000000,0,
2820,2819000001,2820000000,0,
2821,2820000001,2821000000,0,
2822,2821000001,2822000000,0,
2823,2822000001,2823000000,0,
2824,2823000001,2824000000,0,
2825,2824000001,2825000000,0,
2826,2825000001,2826000000,0,
2827,2826000001,2827000000,0,
2828,2827000001,2828000000,0,
2829,2828000001,2829000000,0,
2830,2829000001,2830000000,0,
2831,2830000001,2831000000,0,
2832,2831000001,2832000000,0,
2833,2832000001,2833000000,0,
2834,2833000001,2834000000,0,
2835,2834000001,2835000000,0,
2836,2835000001,2836000000,0,
2837,2836000001,2837000000,0,
2838,2837000001,2838000000,0,
2839,2838000001,2839000000,0,
2840,2839000001,2840000000,0,
2841,2840000001,2841000000,0,
2842,2841000001,2842000000,0,
2843,2842000001,2843000000,0,
2844,2843000001,2844000000,0,
2845,2844000001,2845000000,0,
2846,2845000001,2846000000,0,
2847,2846000001,2847000000,0,
2848,2847000001,2848000000,0,
2849,2848000001,2849000000,0,
2850,2849000001,2850000000,0,
2851,2850000001,2851000000,0,
2852,2851000001,2852000000,0,
2853,2852000001,2853000000,0,
2854,2853000001,2854000000,0,
2855,2854000001,2855000000,0,
2856,2855000001,2856000000,0,
2857,2856000001,2857000000,0,
2858,2857000001,2858000000,0,
2859,2858000001,2859000000,0,
2860,2859000001,2860000000,0,
2861,2860000001,2861000000,0,
2862,2861000001,2862000000,0,
2863,2862000001,2863000000,0,
2864,2863000001,2864000000,0,
2865,2864000001,2865000000,0,
2866,2865000001,2866000000,0,
2867,2866000001,2867000000,0,
2868,2867000001,2868000000,0,
2869,2868000001,2869000000,0,
2870,2869000001,2870000000,0,
2871,2870000001,2871000000,0,
2872,2871000001,2872000000,0,
2873,2872000001,2873000000,0,
2874,2873000001,2874000000,0,
2875,2874000001,2875000000,0,
2876,2875000001,2876000000,0,
2877,2876000001,2877000000,0,
2878,2877000001,2878000000,0,
2879,2878000001,2879000000,0,
2880,2879000001,2880000000,0,
2881,2880000001,2881000000,0,
2882,2881000001,2882000000,0,
2883,2882000001,2883000000,0,
2884,2883000001,2884000000,0,
2885,2884000001,2885000000,0,
2886,2885000001,2886000000,0,
2887,2886000001,2887000000,0,
2888,2887000001,2888000000,0,
2889,2888000001,2889000000,0,
2890,2889000001,2890000000,0,
2891,2890000001,2891000000,0,
2892,2891000001,2892000000,0,
2893,2892000001,2893000000,0,
2894,2893000001,2894000000,0,
2895,2894000001,2895000000,0,
2896,2895000001,2896000000,0,
2897,2896000001,2897000000,0,
2898,2897000001,2898000000,0,
2899,2898000001,2899000000,0,
2900,2899000001,2900000000,0,
2901,2900000001,2901000000,0,
2902,2901000001,2902000000,0,
2903,2902000001,2903000000,0,
2904,2903000001,2904000000,0,
2905,2904000001,2905000000,0,
2906,2905000001,2906000000,0,
2907,2906000001,2907000000,0,
2908,2907000001,2908000000,0,
2909,2908000001,2909000000,0,
2910,2909000001,2910000000,0,
2911,2910000001,2911000000,0,
2912,2911000001,2912000000,0,
2913,2912000001,2913000000,0,
2914,2913000001,2914000000,0,
2915,2914000001,2915000000,0,
2916,2915000001,2916000000,0,
2917,2916000001,2917000000,0,
2918,2917000001,2918000000,0,
2919,2918000001,2919000000,0,
2920,2919000001,2920000000,0,
2921,2920000001,2921000000,0,
2922,2921000001,2922000000,0,
2923,2922000001,2923000000,0,
2924,2923000001,2924000000,0,
2925,2924000001,2925000000,0,
2926,2925000001,2926000000,0,
2927,2926000001,2927000000,0,
2928,2927000001,2928000000,0,
2929,2928000001,2929000000,0,
2930,2929000001,2930000000,0,
2931,2930000001,2931000000,0,
2932,2931000001,2932000000,0,
2933,2932000001,2933000000,0,
2934,2933000001,2934000000,0,
2935,2934000001,2935000000,0,
2936,2935000001,2936000000,0,
2937,2936000001,2937000000,0,
2938,2937000001,2938000000,0,
2939,2938000001,2939000000,0,
2940,2939000001,2940000000,0,
2941,2940000001,2941000000,0,
2942,2941000001,2942000000,0,
2943,2942000001,2943000000,0,
2944,2943000001,2944000000,0,
2945,2944000001,2945000000,0,
2946,2945000001,2946000000,0,
2947,2946000001,2947000000,0,
2948,2947000001,2948000000,0,
2949,2948000001,2949000000,0,
2950,2949000001,2950000000,0,
2951,2950000001,2951000000,0,
2952,2951000001,2952000000,0,
2953,2952000001,2953000000,0,
2954,2953000001,2954000000,0,
2955,2954000001,2955000000,0,
2956,2955000001,2956000000,0,
2957,2956000001,2957000000,0,
2958,2957000001,2958000000,0,
2959,2958000001,2959000000,0,
2960,2959000001,2960000000,0,
2961,2960000001,2961000000,0,
2962,2961000001,2962000000,0,
2963,2962000001,2963000000,0,
2964,2963000001,2964000000,0,
2965,2964000001,2965000000,0,
2966,2965000001,2966000000,0,
2967,2966000001,2967000000,0,
2968,2967000001,2968000000,0,
2969,2968000001,2969000000,0,
2970,2969000001,2970000000,0,
2971,2970000001,2971000000,0,
2972,2971000001,2972000000,0,
2973,2972000001,2973000000,0,
2974,2973000001,2974000000,0,
2975,2974000001,2975000000,0,
2976,2975000001,2976000000,0,
2977,2976000001,2977000000,0,
2978,2977000001,2978000000,0,
2979,2978000001,2979000000,0,
2980,2979000001,2980000000,0,
2981,2980000001,2981000000,0,
2982,2981000001,2982000000,0,
2983,2982000001,2983000000,0,
2984,2983000001,2984000000,0,
2985,2984000001,2985000000,0,
2986,2985000001,2986000000,0,
2987,2986000001,2987000000,0,
2988,2987000001,2988000000,0,
2989,2988000001,2989000000,0,
2990,2989000001,2990000000,0,
2991,2990000001,2991000000,0,
2992,2991000001,2992000000,0,
2993,2992000001,2993000000,0,
2994,2993000001,2994000000,0,
2995,2994000001,2995000000,0,
2996,2995000001,2996000000,0,
2997,2996000001,2997000000,0,
2998,2997000001,2998000000,0,
2999,2998000001,2999000000,0,
3000,2999000001,3000000000,0,
3001,3000000001,3001000000,0,
3002,3001000001,3002000000,0,
3003,3002000001,3003000000,0,
3004,3003000001,3004000000,0,
3005,3004000001,3005000000,0,
3006,3005000001,3006000000,0,
3007,3006000001,3007000000,0,
3008,3007000001,3008000000,0,
3009,3008000001,3009000000,0,
3010,3009000001,3010000000,0,
3011,3010000001,3011000000,0,
3012,3011000001,3012000000,0,
3013,3012000001,3013000000,0,
3014,3013000001,3014000000,0,
3015,3014000001,3015000000,0,
3016,3015000001,3016000000,0,
3017,3016000001,3017000000,0,
3018,3017000001,3018000000,0,
3019,3018000001,3019000000,0,
3020,3019000001,3020000000,0,
3021,3020000001,3021000000,0,
3022,3021000001,3022000000,0,
3023,3022000001,3023000000,0,
3024,3023000001,3024000000,0,
3025,3024000001,3025000000,0,
3026,3025000001,3026000000,0,
3027,3026000001,3027000000,0,
3028,3027000001,3028000000,0,
3029,3028000001,3029000000,0,
3030,3029000001,3030000000,0,
3031,3030000001,3031000000,0,
3032,3031000001,3032000000,0,
3033,3032000001,3033000000,0,
3034,3033000001,3034000000,0,
3035,3034000001,3035000000,0,
3036,3035000001,3036000000,0,
3037,3036000001,3037000000,0,
3038,3037000001,3038000000,0,
3039,3038000001,3039000000,0,
3040,3039000001,3040000000,0,
3041,3040000001,3041000000,0,
3042,3041000001,3042000000,0,
3043,3042000001,3043000000,0,
3044,3043000001,3044000000,0,
3045,3044000001,3045000000,0,
3046,3045000001,3046000000,0,
3047,3046000001,3047000000,0,
3048,3047000001,3048000000,0,
3049,3048000001,3049000000,0,
3050,3049000001,3050000000,0,
3051,3050000001,3051000000,0,
3052,3051000001,3052000000,0,
3053,3052000001,3053000000,0,
3054,3053000001,3054000000,0,
3055,3054000001,3055000000,0,
3056,3055000001,3056000000,0,
3057,3056000001,3057000000,0,
3058,3057000001,3058000000,0,
3059,3058000001,3059000000,0,
3060,3059000001,3060000000,0,
3061,3060000001,3061000000,0,
3062,3061000001,3062000000,0,
3063,3062000001,3063000000,0,
3064,3063000001,3064000000,0,
3065,3064000001,3065000000,0,
3066,3065000001,3066000000,0,
3067,3066000001,3067000000,0,
3068,3067000001,3068000000,0,
3069,3068000001,3069000000,0,
3070,3069000001,3070000000,0,
3071,3070000001,3071000000,0,
3072,3071000001,3072000000,0,
3073,3072000001,3073000000,0,
3074,3073000001,3074000000,0,
3075,3074000001,3075000000,0,
3076,3075000001,3076000000,0,
3077,3076000001,3077000000,0,
3078,3077000001,3078000000,0,
3079,3078000001,3079000000,0,
3080,3079000001,3080000000,0,
3081,3080000001,3081000000,0,
3082,3081000001,3082000000,0,
3083,3082000001,3083000000,0,
3084,3083000001,3084000000,0,
3085,3084000001,3085000000,0,
3086,3085000001,3086000000,0,
3087,3086000001,3087000000,0,
3088,3087000001,3088000000,0,
3089,3088000001,3089000000,0,
3090,3089000001,3090000000,0,
3091,3090000001,3091000000,0,
3092,3091000001,3092000000,0,
3093,3092000001,3093000000,0,
3094,3093000001,3094000000,0,
3095,3094000001,3095000000,0,
3096,3095000001,3096000000,0,
3097,3096000001,3097000000,0,
3098,3097000001,3098000000,0,
3099,3098000001,3099000000,0,
3100,3099000001,3100000000,0,
3101,3100000001,3101000000,0,
3102,3101000001,3102000000,0,
3103,3102000001,3103000000,0,
3104,3103000001,3104000000,0,
3105,3104000001,3105000000,0,
3106,3105000001,3106000000,0,
3107,3106000001,3107000000,0,
3108,3107000001,3108000000,0,
3109,3108000001,3109000000,0,
3110,3109000001,3110000000,0,
3111,3110000001,3111000000,0,
3112,3111000001,3112000000,0,
3113,3112000001,3113000000,0,
3114,3113000001,3114000000,0,
3115,3114000001,3115000000,0,
3116,3115000001,3116000000,0,
3117,3116000001,3117000000,0,
3118,3117000001,3118000000,0,
3119,3118000001,3119000000,0,
3120,3119000001,3120000000,0,
3121,3120000001,3121000000,0,
3122,3121000001,3122000000,0,
3123,3122000001,3123000000,0,
3124,3123000001,3124000000,0,
3125,3124000001,3125000000,0,
3126,3125000001,3126000000,0,
3127,3126000001,3127000000,0,
3128,3127000001,3128000000,0,
3129,3128000001,3129000000,0,
3130,3129000001,3130000000,0,
3131,3130000001,3131000000,0,
3132,3131000001,3132000000,0,
3133,3132000001,3133000000,0,
3134,3133000001,3134000000,0,
3135,3134000001,3135000000,0,
3136,3135000001,3136000000,0,
3137,3136000001,3137000000,0,
3138,3137000001,3138000000,0,
3139,3138000001,3139000000,0,
3140,3139000001,3140000000,0,
3141,3140000001,3141000000,0,
3142,3141000001,3142000000,0,
3143,3142000001,3143000000,0,
3144,3143000001,3144000000,0,
3145,3144000001,3145000000,0,
3146,3145000001,3146000000,0,
3147,3146000001,3147000000,0,
3148,3147000001,3148000000,0,
3149,3148000001,3149000000,0,
3150,3149000001,3150000000,0,
3151,3150000001,3151000000,0,
3152,3151000001,3152000000,0,
3153,3152000001,3153000000,0,
3154,3153000001,3154000000,0,
3155,3154000001,3155000000,0,
3156,3155000001,3156000000,0,
3157,3156000001,3157000000,0,
3158,3157000001,3158000000,0,
3159,3158000001,3159000000,0,
3160,3159000001,3160000000,0,
3161,3160000001,3161000000,0,
3162,3161000001,3162000000,0,
3163,3162000001,3163000000,0,
3164,3163000001,3164000000,0,
3165,3164000001,3165000000,0,
3166,3165000001,3166000000,0,
3167,3166000001,3167000000,0,
3168,3167000001,3168000000,0,
3169,3168000001,3169000000,0,
3170,3169000001,3170000000,0,
3171,3170000001,3171000000,0,
3172,3171000001,3172000000,0,
3173,3172000001,3173000000,0,
3174,3173000001,3174000000,0,
3175,3174000001,3175000000,0,
3176,3175000001,3176000000,0,
3177,3176000001,3177000000,0,
3178,3177000001,3178000000,0,
3179,3178000001,3179000000,0,
3180,3179000001,3180000000,0,
3181,3180000001,3181000000,0,
3182,3181000001,3182000000,0,
3183,3182000001,3183000000,0,
3184,3183000001,3184000000,0,
3185,3184000001,3185000000,0,
3186,3185000001,3186000000,0,
3187,3186000001,3187000000,0,
3188,3187000001,3188000000,0,
3189,3188000001,3189000000,0,
3190,3189000001,3190000000,0,
3191,3190000001,3191000000,0,
3192,3191000001,3192000000,0,
3193,3192000001,3193000000,0,
3194,3193000001,3194000000,0,
3195,3194000001,3195000000,0,
3196,3195000001,3196000000,0,
3197,3196000001,3197000000,0,
3198,3197000001,3198000000,0,
3199,3198000001,3199000000,0,
3200,3199000001,3200000000,0,
3201,3200000001,3201000000,0,
3202,3201000001,3202000000,0,
3203,3202000001,3203000000,0,
3204,3203000001,3204000000,0,
3205,3204000001,3205000000,0,
3206,3205000001,3206000000,0,
3207,3206000001,3207000000,0,
3208,3207000001,3208000000,0,
3209,3208000001,3209000000,0,
3210,3209000001,3210000000,0,
3211,3210000001,3211000000,0,
3212,3211000001,3212000000,0,
3213,3212000001,3213000000,0,
3214,3213000001,3214000000,0,
3215,3214000001,3215000000,0,
3216,3215000001,3216000000,0,
3217,3216000001,3217000000,0,
3218,3217000001,3218000000,0,
3219,3218000001,3219000000,0,
3220,3219000001,3220000000,0,
3221,3220000001,3221000000,0,
3222,3221000001,3222000000,0,
3223,3222000001,3223000000,0,
3224,3223000001,3224000000,0,
3225,3224000001,3225000000,0,
3226,3225000001,3226000000,0,
3227,3226000001,3227000000,0,
3228,3227000001,3228000000,0,
3229,3228000001,3229000000,0,
3230,3229000001,3230000000,0,
3231,3230000001,3231000000,0,
3232,3231000001,3232000000,0,
3233,3232000001,3233000000,0,
3234,3233000001,3234000000,0,
3235,3234000001,3235000000,0,
3236,3235000001,3236000000,0,
3237,3236000001,3237000000,0,
3238,3237000001,3238000000,0,
3239,3238000001,3239000000,0,
3240,3239000001,3240000000,0,
3241,3240000001,3241000000,0,
3242,3241000001,3242000000,0,
3243,3242000001,3243000000,0,
3244,3243000001,3244000000,0,
3245,3244000001,3245000000,0,
3246,3245000001,3246000000,0,
3247,3246000001,3247000000,0,
3248,3247000001,3248000000,0,
3249,3248000001,3249000000,0,
3250,3249000001,3250000000,0,
3251,3250000001,3251000000,0,
3252,3251000001,3252000000,0,
3253,3252000001,3253000000,0,
3254,3253000001,3254000000,0,
3255,3254000001,3255000000,0,
3256,3255000001,3256000000,0,
3257,3256000001,3257000000,0,
3258,3257000001,3258000000,0,
3259,3258000001,3259000000,0,
3260,3259000001,3260000000,0,
3261,3260000001,3261000000,0,
3262,3261000001,3262000000,0,
3263,3262000001,3263000000,0,
3264,3263000001,3264000000,0,
3265,3264000001,3265000000,0,
3266,3265000001,3266000000,0,
3267,3266000001,3267000000,0,
3268,3267000001,3268000000,0,
3269,3268000001,3269000000,0,
3270,3269000001,3270000000,0,
3271,3270000001,3271000000,0,
3272,3271000001,3272000000,0,
3273,3272000001,3273000000,0,
3274,3273000001,3274000000,0,
3275,3274000001,3275000000,0,
3276,3275000001,3276000000,0,
3277,3276000001,3277000000,0,
3278,3277000001,3278000000,0,
3279,3278000001,3279000000,0,
3280,3279000001,3280000000,0,
3281,3280000001,3281000000,0,
3282,3281000001,3282000000,0,
3283,3282000001,3283000000,0,
3284,3283000001,3284000000,0,
3285,3284000001,3285000000,0,
3286,3285000001,3286000000,0,
3287,3286000001,3287000000,0,
3288,3287000001,3288000000,0,
3289,3288000001,3289000000,0,
3290,3289000001,3290000000,0,
3291,3290000001,3291000000,0,
3292,3291000001,3292000000,0,
3293,3292000001,3293000000,0,
3294,3293000001,3294000000,0,
3295,3294000001,3295000000,0,
3296,3295000001,3296000000,0,
3297,3296000001,3297000000,0,
3298,3297000001,3298000000,0,
3299,3298000001,3299000000,0,
3300,3299000001,3300000000,0,
3301,3300000001,3301000000,0,
3302,3301000001,3302000000,0,
3303,3302000001,3303000000,0,
3304,3303000001,3304000000,0,
3305,3304000001,3305000000,0,
3306,3305000001,3306000000,0,
3307,3306000001,3307000000,0,
3308,3307000001,3308000000,0,
3309,3308000001,3309000000,0,
3310,3309000001,3310000000,0,
3311,3310000001,3311000000,0,
3312,3311000001,3312000000,0,
3313,3312000001,3313000000,0,
3314,3313000001,3314000000,0,
3315,3314000001,3315000000,0,
3316,3315000001,3316000000,0,
3317,3316000001,3317000000,0,
3318,3317000001,3318000000,0,
3319,3318000001,3319000000,0,
3320,3319000001,3320000000,0,
3321,3320000001,3321000000,0,
3322,3321000001,3322000000,0,
3323,3322000001,3323000000,0,
3324,3323000001,3324000000,0,
3325,3324000001,3325000000,0,
3326,3325000001,3326000000,0,
3327,3326000001,3327000000,0,
3328,3327000001,3328000000,0,
3329,3328000001,3329000000,0,
3330,3329000001,3330000000,0,
3331,3330000001,3331000000,0,
3332,3331000001,3332000000,0,
3333,3332000001,3333000000,0,
3334,3333000001,3334000000,0,
3335,3334000001,3335000000,0,
3336,3335000001,3336000000,0,
3337,3336000001,3337000000,0,
3338,3337000001,3338000000,0,
3339,3338000001,3339000000,0,
3340,3339000001,3340000000,0,
3341,3340000001,3341000000,0,
3342,3341000001,3342000000,0,
3343,3342000001,3343000000,0,
3344,3343000001,3344000000,0,
3345,3344000001,3345000000,0,
3346,3345000001,3346000000,0,
3347,3346000001,3347000000,0,
3348,3347000001,3348000000,0,
3349,3348000001,3349000000,0,
3350,3349000001,3350000000,0,
3351,3350000001,3351000000,0,
3352,3351000001,3352000000,0,
3353,3352000001,3353000000,0,
3354,3353000001,3354000000,0,
3355,3354000001,3355000000,0,
3356,3355000001,3356000000,0,
3357,3356000001,3357000000,0,
3358,3357000001,3358000000,0,
3359,3358000001,3359000000,0,
3360,3359000001,3360000000,0,
3361,3360000001,3361000000,0,
3362,3361000001,3362000000,0,
3363,3362000001,3363000000,0,
3364,3363000001,3364000000,0,
3365,3364000001,3365000000,0,
3366,3365000001,3366000000,0,
3367,3366000001,3367000000,0,
3368,3367000001,3368000000,0,
3369,3368000001,3369000000,0,
3370,3369000001,3370000000,0,
3371,3370000001,3371000000,0,
3372,3371000001,3372000000,0,
3373,3372000001,3373000000,0,
3374,3373000001,3374000000,0,
3375,3374000001,3375000000,0,
3376,3375000001,3376000000,0,
3377,3376000001,3377000000,0,
3378,3377000001,3378000000,0,
3379,3378000001,3379000000,0,
3380,3379000001,3380000000,0,
3381,3380000001,3381000000,0,
3382,3381000001,3382000000,0,
3383,3382000001,3383000000,0,
3384,3383000001,3384000000,0,
3385,3384000001,3385000000,0,
3386,3385000001,3386000000,0,
3387,3386000001,3387000000,0,
3388,3387000001,3388000000,0,
3389,3388000001,3389000000,0,
3390,3389000001,3390000000,0,
3391,3390000001,3391000000,0,
3392,3391000001,3392000000,0,
3393,3392000001,3393000000,0,
3394,3393000001,3394000000,0,
3395,3394000001,3395000000,0,
3396,3395000001,3396000000,0,
3397,3396000001,3397000000,0,
3398,3397000001,3398000000,0,
3399,3398000001,3399000000,0,
3400,3399000001,3400000000,0,
3401,3400000001,3401000000,0,
3402,3401000001,3402000000,0,
3403,3402000001,3403000000,0,
3404,3403000001,3404000000,0,
3405,3404000001,3405000000,0,
3406,3405000001,3406000000,0,
3407,3406000001,3407000000,0,
3408,3407000001,3408000000,0,
3409,3408000001,3409000000,0,
3410,3409000001,3410000000,0,
3411,3410000001,3411000000,0,
3412,3411000001,3412000000,0,
3413,3412000001,3413000000,0,
3414,3413000001,3414000000,0,
3415,3414000001,3415000000,0,
3416,3415000001,3416000000,0,
3417,3416000001,3417000000,0,
3418,3417000001,3418000000,0,
3419,3418000001,3419000000,0,
3420,3419000001,3420000000,0,
3421,3420000001,3421000000,0,
3422,3421000001,3422000000,0,
3423,3422000001,3423000000,0,
3424,3423000001,3424000000,0,
3425,3424000001,3425000000,0,
3426,3425000001,3426000000,0,
3427,3426000001,3427000000,0,
3428,3427000001,3428000000,0,
3429,3428000001,3429000000,0,
3430,3429000001,3430000000,0,
3431,3430000001,3431000000,0,
3432,3431000001,3432000000,0,
3433,3432000001,3433000000,0,
3434,3433000001,3434000000,0,
3435,3434000001,3435000000,0,
3436,3435000001,3436000000,0,
3437,3436000001,3437000000,0,
3438,3437000001,3438000000,0,
3439,3438000001,3439000000,0,
3440,3439000001,3440000000,0,
3441,3440000001,3441000000,0,
3442,3441000001,3442000000,0,
3443,3442000001,3443000000,0,
3444,3443000001,3444000000,0,
3445,3444000001,3445000000,0,
3446,3445000001,3446000000,0,
3447,3446000001,3447000000,0,
3448,3447000001,3448000000,0,
3449,3448000001,3449000000,0,
3450,3449000001,3450000000,0,
3451,3450000001,3451000000,0,
3452,3451000001,3452000000,0,
3453,3452000001,3453000000,0,
3454,3453000001,3454000000,0,
3455,3454000001,3455000000,0,
3456,3455000001,3456000000,0,
3457,3456000001,3457000000,0,
3458,3457000001,3458000000,0,
3459,3458000001,3459000000,0,
3460,3459000001,3460000000,0,
3461,3460000001,3461000000,0,
3462,3461000001,3462000000,0,
3463,3462000001,3463000000,0,
3464,3463000001,3464000000,0,
3465,3464000001,3465000000,0,
3466,3465000001,3466000000,0,
3467,3466000001,3467000000,0,
3468,3467000001,3468000000,0,
3469,3468000001,3469000000,0,
3470,3469000001,3470000000,0,
3471,3470000001,3471000000,0,
3472,3471000001,3472000000,0,
3473,3472000001,3473000000,0,
3474,3473000001,3474000000,0,
3475,3474000001,3475000000,0,
3476,3475000001,3476000000,0,
3477,3476000001,3477000000,0,
3478,3477000001,3478000000,0,
3479,3478000001,3479000000,0,
3480,3479000001,3480000000,0,
3481,3480000001,3481000000,0,
3482,3481000001,3482000000,0,
3483,3482000001,3483000000,0,
3484,3483000001,3484000000,0,
3485,3484000001,3485000000,0,
3486,3485000001,3486000000,0,
3487,3486000001,3487000000,0,
3488,3487000001,3488000000,0,
3489,3488000001,3489000000,0,
3490,3489000001,3490000000,0,
3491,3490000001,3491000000,0,
3492,3491000001,3492000000,0,
3493,3492000001,3493000000,0,
3494,3493000001,3494000000,0,
3495,3494000001,3495000000,0,
3496,3495000001,3496000000,0,
3497,3496000001,3497000000,0,
3498,3497000001,3498000000,0,
3499,3498000001,3499000000,0,
3500,3499000001,3500000000,0,
3501,3500000001,3501000000,0,
3502,3501000001,3502000000,0,
3503,3502000001,3503000000,0,
3504,3503000001,3504000000,0,
3505,3504000001,3505000000,0,
3506,3505000001,3506000000,0,
3507,3506000001,3507000000,0,
3508,3507000001,3508000000,0,
3509,3508000001,3509000000,0,
3510,3509000001,3510000000,0,
3511,3510000001,3511000000,0,
3512,3511000001,3512000000,0,
3513,3512000001,3513000000,0,
3514,3513000001,3514000000,0,
3515,3514000001,3515000000,0,
3516,3515000001,3516000000,0,
3517,3516000001,3517000000,0,
3518,3517000001,3518000000,0,
3519,3518000001,3519000000,0,
3520,3519000001,3520000000,0,
3521,3520000001,3521000000,0,
3522,3521000001,3522000000,0,
3523,3522000001,3523000000,0,
3524,3523000001,3524000000,0,
3525,3524000001,3525000000,0,
3526,3525000001,3526000000,0,
3527,3526000001,3527000000,0,
3528,3527000001,3528000000,0,
3529,3528000001,3529000000,0,
3530,3529000001,3530000000,0,
3531,3530000001,3531000000,0,
3532,3531000001,3532000000,0,
3533,3532000001,3533000000,0,
3534,3533000001,3534000000,0,
3535,3534000001,3535000000,0,
3536,3535000001,3536000000,0,
3537,3536000001,3537000000,0,
3538,3537000001,3538000000,0,
3539,3538000001,3539000000,0,
3540,3539000001,3540000000,0,
3541,3540000001,3541000000,0,
3542,3541000001,3542000000,0,
3543,3542000001,3543000000,0,
3544,3543000001,3544000000,0,
3545,3544000001,3545000000,0,
3546,3545000001,3546000000,0,
3547,3546000001,3547000000,0,
3548,3547000001,3548000000,0,
3549,3548000001,3549000000,0,
3550,3549000001,3550000000,0,
3551,3550000001,3551000000,0,
3552,3551000001,3552000000,0,
3553,3552000001,3553000000,0,
3554,3553000001,3554000000,0,
3555,3554000001,3555000000,0,
3556,3555000001,3556000000,0,
3557,3556000001,3557000000,0,
3558,3557000001,3558000000,0,
3559,3558000001,3559000000,0,
3560,3559000001,3560000000,0,
3561,3560000001,3561000000,0,
3562,3561000001,3562000000,0,
3563,3562000001,3563000000,0,
3564,3563000001,3564000000,0,
3565,3564000001,3565000000,0,
3566,3565000001,3566000000,0,
3567,3566000001,3567000000,0,
3568,3567000001,3568000000,0,
3569,3568000001,3569000000,0,
3570,3569000001,3570000000,0,
3571,3570000001,3571000000,0,
3572,3571000001,3572000000,0,
3573,3572000001,3573000000,0,
3574,3573000001,3574000000,0,
3575,3574000001,3575000000,0,
3576,3575000001,3576000000,0,
3577,3576000001,3577000000,0,
3578,3577000001,3578000000,0,
3579,3578000001,3579000000,0,
3580,3579000001,3580000000,0,
3581,3580000001,3581000000,0,
3582,3581000001,3582000000,0,
3583,3582000001,3583000000,0,
3584,3583000001,3584000000,0,
3585,3584000001,3585000000,0,
3586,3585000001,3586000000,0,
3587,3586000001,3587000000,0,
3588,3587000001,3588000000,0,
3589,3588000001,3589000000,0,
3590,3589000001,3590000000,0,
3591,3590000001,3591000000,0,
3592,3591000001,3592000000,0,
3593,3592000001,3593000000,0,
3594,3593000001,3594000000,0,
3595,3594000001,3595000000,0,
3596,3595000001,3596000000,0,
3597,3596000001,3597000000,0,
3598,3597000001,3598000000,0,
3599,3598000001,3599000000,0,
3600,3599000001,3600000000,0,
3601,3600000001,3601000000,0,
3602,3601000001,3602000000,0,
3603,3602000001,3603000000,0,
3604,3603000001,3604000000,0,
3605,3604000001,3605000000,0,
3606,3605000001,3606000000,0,
3607,3606000001,3607000000,0,
3608,3607000001,3608000000,0,
3609,3608000001,3609000000,0,
3610,3609000001,3610000000,0,
3611,3610000001,3611000000,0,
3612,3611000001,3612000000,0,
3613,3612000001,3613000000,0,
3614,3613000001,3614000000,0,
3615,3614000001,3615000000,0,
3616,3615000001,3616000000,0,
3617,3616000001,3617000000,0,
3618,3617000001,3618000000,0,
3619,3618000001,3619000000,0,
3620,3619000001,3620000000,0,
3621,3620000001,3621000000,0,
3622,3621000001,3622000000,0,
3623,3622000001,3623000000,0,
3624,3623000001,3624000000,0,
3625,3624000001,3625000000,0,
3626,3625000001,3626000000,0,
3627,3626000001,3627000000,0,
3628,3627000001,3628000000,0,
3629,3628000001,3629000000,0,
3630,3629000001,3630000000,0,
3631,3630000001,3631000000,0,
3632,3631000001,3632000000,0,
3633,3632000001,3633000000,0,
3634,3633000001,3634000000,0,
3635,3634000001,3635000000,0,
3636,3635000001,3636000000,0,
3637,3636000001,3637000000,0,
3638,3637000001,3638000000,0,
3639,3638000001,3639000000,0,
3640,3639000001,3640000000,0,
3641,3640000001,3641000000,0,
3642,3641000001,3642000000,0,
3643,3642000001,3643000000,0,
3644,3643000001,3644000000,0,
3645,3644000001,3645000000,0,
3646,3645000001,3646000000,0,
3647,3646000001,3647000000,0,
3648,3647000001,3648000000,0,
3649,3648000001,3649000000,0,
3650,3649000001,3650000000,0,
3651,3650000001,3651000000,0,
3652,3651000001,3652000000,0,
3653,3652000001,3653000000,0,
3654,3653000001,3654000000,0,
3655,3654000001,3655000000,0,
3656,3655000001,3656000000,0,
3657,3656000001,3657000000,0,
3658,3657000001,3658000000,0,
3659,3658000001,3659000000,0,
3660,3659000001,3660000000,0,
3661,3660000001,3661000000,0,
3662,3661000001,3662000000,0,
3663,3662000001,3663000000,0,
3664,3663000001,3664000000,0,
3665,3664000001,3665000000,0,
3666,3665000001,3666000000,0,
3667,3666000001,3667000000,0,
3668,3667000001,3668000000,0,
3669,3668000001,3669000000,0,
3670,3669000001,3670000000,0,
3671,3670000001,3671000000,0,
3672,3671000001,3672000000,0,
3673,3672000001,3673000000,0,
3674,3673000001,3674000000,0,
3675,3674000001,3675000000,0,
3676,3675000001,3676000000,0,
3677,3676000001,3677000000,0,
3678,3677000001,3678000000,0,
3679,3678000001,3679000000,0,
3680,3679000001,3680000000,0,
3681,3680000001,3681000000,0,
3682,3681000001,3682000000,0,
3683,3682000001,3683000000,0,
3684,3683000001,3684000000,0,
3685,3684000001,3685000000,0,
3686,3685000001,3686000000,0,
3687,3686000001,3687000000,0,
3688,3687000001,3688000000,0,
3689,3688000001,3689000000,0,
3690,3689000001,3690000000,0,
3691,3690000001,3691000000,0,
3692,3691000001,3692000000,0,
3693,3692000001,3693000000,0,
3694,3693000001,3694000000,0,
3695,3694000001,3695000000,0,
3696,3695000001,3696000000,0,
3697,3696000001,3697000000,0,
3698,3697000001,3698000000,0,
3699,3698000001,3699000000,0,
3700,3699000001,3700000000,0,
3701,3700000001,3701000000,0,
3702,3701000001,3702000000,0,
3703,3702000001,3703000000,0,
3704,3703000001,3704000000,0,
3705,3704000001,3705000000,0,
3706,3705000001,3706000000,0,
3707,3706000001,3707000000,0,
3708,3707000001,3708000000,0,
3709,3708000001,3709000000,0,
3710,3709000001,3710000000,0,
3711,3710000001,3711000000,0,
3712,3711000001,3712000000,0,
3713,3712000001,3713000000,0,
3714,3713000001,3714000000,0,
3715,3714000001,3715000000,0,
3716,3715000001,3716000000,0,
3717,3716000001,3717000000,0,
3718,3717000001,3718000000,0,
3719,3718000001,3719000000,0,
3720,3719000001,3720000000,0,
3721,3720000001,3721000000,0,
3722,3721000001,3722000000,0,
3723,3722000001,3723000000,0,
3724,3723000001,3724000000,0,
3725,3724000001,3725000000,0,
3726,3725000001,3726000000,0,
3727,3726000001,3727000000,0,
3728,3727000001,3728000000,0,
3729,3728000001,3729000000,0,
3730,3729000001,3730000000,0,
3731,3730000001,3731000000,0,
3732,3731000001,3732000000,0,
3733,3732000001,3733000000,0,
3734,3733000001,3734000000,0,
3735,3734000001,3735000000,0,
3736,3735000001,3736000000,0,
3737,3736000001,3737000000,0,
3738,3737000001,3738000000,0,
3739,3738000001,3739000000,0,
3740,3739000001,3740000000,0,
3741,3740000001,3741000000,0,
3742,3741000001,3742000000,0,
3743,3742000001,3743000000,0,
3744,3743000001,3744000000,0,
3745,3744000001,3745000000,0,
3746,3745000001,3746000000,0,
3747,3746000001,3747000000,0,
3748,3747000001,3748000000,0,
3749,3748000001,3749000000,0,
3750,3749000001,3750000000,0,
3751,3750000001,3751000000,0,
3752,3751000001,3752000000,0,
3753,3752000001,3753000000,0,
3754,3753000001,3754000000,0,
3755,3754000001,3755000000,0,
3756,3755000001,3756000000,0,
3757,3756000001,3757000000,0,
3758,3757000001,3758000000,0,
3759,3758000001,3759000000,0,
3760,3759000001,3760000000,0,
3761,3760000001,3761000000,0,
3762,3761000001,3762000000,0,
3763,3762000001,3763000000,0,
3764,3763000001,3764000000,0,
3765,3764000001,3765000000,0,
3766,3765000001,3766000000,0,
3767,3766000001,3767000000,0,
3768,3767000001,3768000000,0,
3769,3768000001,3769000000,0,
3770,3769000001,3770000000,0,
3771,3770000001,3771000000,0,
3772,3771000001,3772000000,0,
3773,3772000001,3773000000,0,
3774,3773000001,3774000000,0,
3775,3774000001,3775000000,0,
3776,3775000001,3776000000,0,
3777,3776000001,3777000000,0,
3778,3777000001,3778000000,0,
3779,3778000001,3779000000,0,
3780,3779000001,3780000000,0,
3781,3780000001,3781000000,0,
3782,3781000001,3782000000,0,
3783,3782000001,3783000000,0,
3784,3783000001,3784000000,0,
3785,3784000001,3785000000,0,
3786,3785000001,3786000000,0,
3787,3786000001,3787000000,0,
3788,3787000001,3788000000,0,
3789,3788000001,3789000000,0,
3790,3789000001,3790000000,0,
3791,3790000001,3791000000,0,
3792,3791000001,3792000000,0,
3793,3792000001,3793000000,0,
3794,3793000001,3794000000,0,
3795,3794000001,3795000000,0,
3796,3795000001,3796000000,0,
3797,3796000001,3797000000,0,
3798,3797000001,3798000000,0,
3799,3798000001,3799000000,0,
3800,3799000001,3800000000,0,
3801,3800000001,3801000000,0,
3802,3801000001,3802000000,0,
3803,3802000001,3803000000,0,
3804,3803000001,3804000000,0,
3805,3804000001,3805000000,0,
3806,3805000001,3806000000,0,
3807,3806000001,3807000000,0,
3808,3807000001,3808000000,0,
3809,3808000001,3809000000,0,
3810,3809000001,3810000000,0,
3811,3810000001,3811000000,0,
3812,3811000001,3812000000,0,
3813,3812000001,3813000000,0,
3814,3813000001,3814000000,0,
3815,3814000001,3815000000,0,
3816,3815000001,3816000000,0,
3817,3816000001,3817000000,0,
3818,3817000001,3818000000,0,
3819,3818000001,3819000000,0,
3820,3819000001,3820000000,0,
3821,3820000001,3821000000,0,
3822,3821000001,3822000000,0,
3823,3822000001,3823000000,0,
3824,3823000001,3824000000,0,
3825,3824000001,3825000000,0,
3826,3825000001,3826000000,0,
3827,3826000001,3827000000,0,
3828,3827000001,3828000000,0,
3829,3828000001,3829000000,0,
3830,3829000001,3830000000,0,
3831,3830000001,3831000000,0,
3832,3831000001,3832000000,0,
3833,3832000001,3833000000,0,
3834,3833000001,3834000000,0,
3835,3834000001,3835000000,0,
3836,3835000001,3836000000,0,
3837,3836000001,3837000000,0,
3838,3837000001,3838000000,0,
3839,3838000001,3839000000,0,
3840,3839000001,3840000000,0,
3841,3840000001,3841000000,0,
3842,3841000001,3842000000,0,
3843,3842000001,3843000000,0,
3844,3843000001,3844000000,0,
3845,3844000001,3845000000,0,
3846,3845000001,3846000000,0,
3847,3846000001,3847000000,0,
3848,3847000001,3848000000,0,
3849,3848000001,3849000000,0,
3850,3849000001,3850000000,0,
3851,3850000001,3851000000,0,
3852,3851000001,3852000000,0,
3853,3852000001,3853000000,0,
3854,3853000001,3854000000,0,
3855,3854000001,3855000000,0,
3856,3855000001,3856000000,0,
3857,3856000001,3857000000,0,
3858,3857000001,3858000000,0,
3859,3858000001,3859000000,0,
3860,3859000001,3860000000,0,
3861,3860000001,3861000000,0,
3862,3861000001,3862000000,0,
3863,3862000001,3863000000,0,
3864,3863000001,3864000000,0,
3865,3864000001,3865000000,0,
3866,3865000001,3866000000,0,
3867,3866000001,3867000000,0,
3868,3867000001,3868000000,0,
3869,3868000001,3869000000,0,
3870,3869000001,3870000000,0,
3871,3870000001,3871000000,0,
3872,3871000001,3872000000,0,
3873,3872000001,3873000000,0,
3874,3873000001,3874000000,0,
3875,3874000001,3875000000,0,
3876,3875000001,3876000000,0,
3877,3876000001,3877000000,0,
3878,3877000001,3878000000,0,
3879,3878000001,3879000000,0,
3880,3879000001,3880000000,0,
3881,3880000001,3881000000,0,
3882,3881000001,3882000000,0,
3883,3882000001,3883000000,0,
3884,3883000001,3884000000,0,
3885,3884000001,3885000000,0,
3886,3885000001,3886000000,0,
3887,3886000001,3887000000,0,
3888,3887000001,3888000000,0,
3889,3888000001,3889000000,0,
3890,3889000001,3890000000,0,
3891,3890000001,3891000000,0,
3892,3891000001,3892000000,0,
3893,3892000001,3893000000,0,
3894,3893000001,3894000000,0,
3895,3894000001,3895000000,0,
3896,3895000001,3896000000,0,
3897,3896000001,3897000000,0,
3898,3897000001,3898000000,0,
3899,3898000001,3899000000,0,
3900,3899000001,3900000000,0,
3901,3900000001,3901000000,0,
3902,3901000001,3902000000,0,
3903,3902000001,3903000000,0,
3904,3903000001,3904000000,0,
3905,3904000001,3905000000,0,
3906,3905000001,3906000000,0,
3907,3906000001,3907000000,0,
3908,3907000001,3908000000,0,
3909,3908000001,3909000000,0,
3910,3909000001,3910000000,0,
3911,3910000001,3911000000,0,
3912,3911000001,3912000000,0,
3913,3912000001,3913000000,0,
3914,3913000001,3914000000,0,
3915,3914000001,3915000000,0,
3916,3915000001,3916000000,0,
3917,3916000001,3917000000,0,
3918,3917000001,3918000000,0,
3919,3918000001,3919000000,0,
3920,3919000001,3920000000,0,
3921,3920000001,3921000000,0,
3922,3921000001,3922000000,0,
3923,3922000001,3923000000,0,
3924,3923000001,3924000000,0,
3925,3924000001,3925000000,0,
3926,3925000001,3926000000,0,
3927,3926000001,3927000000,0,
3928,3927000001,3928000000,0,
3929,3928000001,3929000000,0,
3930,3929000001,3930000000,0,
3931,3930000001,3931000000,0,
3932,3931000001,3932000000,0,
3933,3932000001,3933000000,0,
3934,3933000001,3934000000,0,
3935,3934000001,3935000000,0,
3936,3935000001,3936000000,0,
3937,3936000001,3937000000,0,
3938,3937000001,3938000000,0,
3939,3938000001,3939000000,0,
3940,3939000001,3940000000,0,
3941,3940000001,3941000000,0,
3942,3941000001,3942000000,0,
3943,3942000001,3943000000,0,
3944,3943000001,3944000000,0,
3945,3944000001,3945000000,0,
3946,3945000001,3946000000,0,
3947,3946000001,3947000000,0,
3948,3947000001,3948000000,0,
3949,3948000001,3949000000,0,
3950,3949000001,3950000000,0,
3951,3950000001,3951000000,0,
3952,3951000001,3952000000,0,
3953,3952000001,3953000000,0,
3954,3953000001,3954000000,0,
3955,3954000001,3955000000,0,
3956,3955000001,3956000000,0,
3957,3956000001,3957000000,0,
3958,3957000001,3958000000,0,
3959,3958000001,3959000000,0,
3960,3959000001,3960000000,0,
3961,3960000001,3961000000,0,
3962,3961000001,3962000000,0,
3963,3962000001,3963000000,0,
3964,3963000001,3964000000,0,
3965,3964000001,3965000000,0,
3966,3965000001,3966000000,0,
3967,3966000001,3967000000,0,
3968,3967000001,3968000000,0,
3969,3968000001,3969000000,0,
3970,3969000001,3970000000,0,
3971,3970000001,3971000000,0,
3972,3971000001,3972000000,0,
3973,3972000001,3973000000,0,
3974,3973000001,3974000000,0,
3975,3974000001,3975000000,0,
3976,3975000001,3976000000,0,
3977,3976000001,3977000000,0,
3978,3977000001,3978000000,0,
3979,3978000001,3979000000,0,
3980,3979000001,3980000000,0,
3981,3980000001,3981000000,0,
3982,3981000001,3982000000,0,
3983,3982000001,3983000000,0,
3984,3983000001,3984000000,0,
3985,3984000001,3985000000,0,
3986,3985000001,3986000000,0,
3987,3986000001,3987000000,0,
3988,3987000001,3988000000,0,
3989,3988000001,3989000000,0,
3990,3989000001,3990000000,0,
3991,3990000001,3991000000,0,
3992,3991000001,3992000000,0,
3993,3992000001,3993000000,0,
3994,3993000001,3994000000,0,
3995,3994000001,3995000000,0,
3996,3995000001,3996000000,0,
3997,3996000001,3997000000,0,
3998,3997000001,3998000000,0,
3999,3998000001,3999000000,0,
4000,3999000001,4000000000,0,
4001,4000000001,4001000000,0,
4002,4001000001,4002000000,0,
4003,4002000001,4003000000,0,
4004,4003000001,4004000000,0,
4005,4004000001,4005000000,0,
4006,4005000001,4006000000,0,
4007,4006000001,4007000000,0,
4008,4007000001,4008000000,0,
4009,4008000001,4009000000,0,
4010,4009000001,4010000000,0,
4011,4010000001,4011000000,0,
4012,4011000001,4012000000,0,
4013,4012000001,4013000000,0,
4014,4013000001,4014000000,0,
4015,4014000001,4015000000,0,
4016,4015000001,4016000000,0,
4017,4016000001,4017000000,0,
4018,4017000001,4018000000,0,
4019,4018000001,4019000000,0,
4020,4019000001,4020000000,0,
4021,4020000001,4021000000,0,
4022,4021000001,4022000000,0,
4023,4022000001,4023000000,0,
4024,4023000001,4024000000,0,
4025,4024000001,4025000000,0,
4026,4025000001,4026000000,0,
4027,4026000001,4027000000,0,
4028,4027000001,4028000000,0,
4029,4028000001,4029000000,0,
4030,4029000001,4030000000,0,
4031,4030000001,4031000000,0,
4032,4031000001,4032000000,0,
4033,4032000001,4033000000,0,
4034,4033000001,4034000000,0,
4035,4034000001,4035000000,0,
4036,4035000001,4036000000,0,
4037,4036000001,4037000000,0,
4038,4037000001,4038000000,0,
4039,4038000001,4039000000,0,
4040,4039000001,4040000000,0,
4041,4040000001,4041000000,0,
4042,4041000001,4042000000,0,
4043,4042000001,4043000000,0,
4044,4043000001,4044000000,0,
4045,4044000001,4045000000,0,
4046,4045000001,4046000000,0,
4047,4046000001,4047000000,0,
4048,4047000001,4048000000,0,
4049,4048000001,4049000000,0,
4050,4049000001,4050000000,0,
4051,4050000001,4051000000,0,
4052,4051000001,4052000000,0,
4053,4052000001,4053000000,0,
4054,4053000001,4054000000,0,
4055,4054000001,4055000000,0,
4056,4055000001,4056000000,0,
4057,4056000001,4057000000,0,
4058,4057000001,4058000000,0,
4059,4058000001,4059000000,0,
4060,4059000001,4060000000,0,
4061,4060000001,4061000000,0,
4062,4061000001,4062000000,0,
4063,4062000001,4063000000,0,
4064,4063000001,4064000000,0,
4065,4064000001,4065000000,0,
4066,4065000001,4066000000,0,
4067,4066000001,4067000000,0,
4068,4067000001,4068000000,0,
4069,4068000001,4069000000,0,
4070,4069000001,4070000000,0,
4071,4070000001,4071000000,0,
4072,4071000001,4072000000,0,
4073,4072000001,4073000000,0,
4074,4073000001,4074000000,0,
4075,4074000001,4075000000,0,
4076,4075000001,4076000000,0,
4077,4076000001,4077000000,0,
4078,4077000001,4078000000,0,
4079,4078000001,4079000000,0,
4080,4079000001,4080000000,0,
4081,4080000001,4081000000,0,
4082,4081000001,4082000000,0,
4083,4082000001,4083000000,0,
4084,4083000001,4084000000,0,
4085,4084000001,4085000000,0,
4086,4085000001,4086000000,0,
4087,4086000001,4087000000,0,
4088,4087000001,4088000000,0,
4089,4088000001,4089000000,0,
4090,4089000001,4090000000,0,
4091,4090000001,4091000000,0,
4092,4091000001,4092000000,0,
4093,4092000001,4093000000,0,
4094,4093000001,4094000000,0,
4095,4094000001,4095000000,0,
4096,4095000001,4096000000,0,
4097,4096000001,4097000000,0,
4098,4097000001,4098000000,0,
4099,4098000001,4099000000,0,
4100,4099000001,4100000000,0,
4101,4100000001,4101000000,0,
4102,4101000001,4102000000,0,
4103,4102000001,4103000000,0,
4104,4103000001,4104000000,0,
4105,4104000001,4105000000,0,
4106,4105000001,4106000000,0,
4107,4106000001,4107000000,0,
4108,4107000001,4108000000,0,
4109,4108000001,4109000000,0,
4110,4109000001,4110000000,0,
4111,4110000001,4111000000,0,
4112,4111000001,4112000000,0,
4113,4112000001,4113000000,0,
4114,4113000001,4114000000,0,
4115,4114000001,4115000000,0,
4116,4115000001,4116000000,0,
4117,4116000001,4117000000,0,
4118,4117000001,4118000000,0,
4119,4118000001,4119000000,0,
4120,4119000001,4120000000,0,
4121,4120000001,4121000000,0,
4122,4121000001,4122000000,0,
4123,4122000001,4123000000,0,
4124,4123000001,4124000000,0,
4125,4124000001,4125000000,0,
4126,4125000001,4126000000,0,
4127,4126000001,4127000000,0,
4128,4127000001,4128000000,0,
4129,4128000001,4129000000,0,
4130,4129000001,4130000000,0,
4131,4130000001,4131000000,0,
4132,4131000001,4132000000,0,
4133,4132000001,4133000000,0,
4134,4133000001,4134000000,0,
4135,4134000001,4135000000,0,
4136,4135000001,4136000000,0,
4137,4136000001,4137000000,0,
4138,4137000001,4138000000,0,
4139,4138000001,4139000000,0,
4140,4139000001,4140000000,0,
4141,4140000001,4141000000,0,
4142,4141000001,4142000000,0,
4143,4142000001,4143000000,0,
4144,4143000001,4144000000,0,
4145,4144000001,4145000000,0,
4146,4145000001,4146000000,0,
4147,4146000001,4147000000,0,
4148,4147000001,4148000000,0,
4149,4148000001,4149000000,0,
4150,4149000001,4150000000,0,
4151,4150000001,4151000000,0,
4152,4151000001,4152000000,0,
4153,4152000001,4153000000,0,
4154,4153000001,4154000000,0,
4155,4154000001,4155000000,0,
4156,4155000001,4156000000,0,
4157,4156000001,4157000000,0,
4158,4157000001,4158000000,0,
4159,4158000001,4159000000,0,
4160,4159000001,4160000000,0,
4161,4160000001,4161000000,0,
4162,4161000001,4162000000,0,
4163,4162000001,4163000000,0,
4164,4163000001,4164000000,0,
4165,4164000001,4165000000,0,
4166,4165000001,4166000000,0,
4167,4166000001,4167000000,0,
4168,4167000001,4168000000,0,
4169,4168000001,4169000000,0,
4170,4169000001,4170000000,0,
4171,4170000001,4171000000,0,
4172,4171000001,4172000000,0,
4173,4172000001,4173000000,0,
4174,4173000001,4174000000,0,
4175,4174000001,4175000000,0,
4176,4175000001,4176000000,0,
4177,4176000001,4177000000,0,
4178,4177000001,4178000000,0,
4179,4178000001,4179000000,0,
4180,4179000001,4180000000,0,
4181,4180000001,4181000000,0,
4182,4181000001,4182000000,0,
4183,4182000001,4183000000,0,
4184,4183000001,4184000000,0,
4185,4184000001,4185000000,0,
4186,4185000001,4186000000,0,
4187,4186000001,4187000000,0,
4188,4187000001,4188000000,0,
4189,4188000001,4189000000,0,
4190,4189000001,4190000000,0,
4191,4190000001,4191000000,0,
4192,4191000001,4192000000,0,
4193,4192000001,4193000000,0,
4194,4193000001,4194000000,0,
4195,4194000001,4195000000,0,
4196,4195000001,4196000000,0,
4197,4196000001,4197000000,0,
4198,4197000001,4198000000,0,
4199,4198000001,4199000000,0,
4200,4199000001,4200000000,0,
4201,4200000001,4201000000,0,
4202,4201000001,4202000000,0,
4203,4202000001,4203000000,0,
4204,4203000001,4204000000,0,
4205,4204000001,4205000000,0,
4206,4205000001,4206000000,0,
4207,4206000001,4207000000,0,
4208,4207000001,4208000000,0,
4209,4208000001,4209000000,0,
4210,4209000001,4210000000,0,
4211,4210000001,4211000000,0,
4212,4211000001,4212000000,0,
4213,4212000001,4213000000,0,
4214,4213000001,4214000000,0,
4215,4214000001,4215000000,0,
4216,4215000001,4216000000,0,
4217,4216000001,4217000000,0,
4218,4217000001,4218000000,0,
4219,4218000001,4219000000,0,
4220,4219000001,4220000000,0,
4221,4220000001,4221000000,0,
4222,4221000001,4222000000,0,
4223,4222000001,4223000000,0,
4224,4223000001,4224000000,0,
4225,4224000001,4225000000,0,
4226,4225000001,4226000000,0,
4227,4226000001,4227000000,0,
4228,4227000001,4228000000,0,
4229,4228000001,4229000000,0,
4230,4229000001,4230000000,0,
4231,4230000001,4231000000,0,
4232,4231000001,4232000000,0,
4233,4232000001,4233000000,0,
4234,4233000001,4234000000,0,
4235,4234000001,4235000000,0,
4236,4235000001,4236000000,0,
4237,4236000001,4237000000,0,
4238,4237000001,4238000000,0,
4239,4238000001,4239000000,0,
4240,4239000001,4240000000,0,
4241,4240000001,4241000000,0,
4242,4241000001,4242000000,0,
4243,4242000001,4243000000,0,
4244,4243000001,4244000000,0,
4245,4244000001,4245000000,0,
4246,4245000001,4246000000,0,
4247,4246000001,4247000000,0,
4248,4247000001,4248000000,0,
4249,4248000001,4249000000,0,
4250,4249000001,4250000000,0,
4251,4250000001,4251000000,0,
4252,4251000001,4252000000,0,
4253,4252000001,4253000000,0,
4254,4253000001,4254000000,0,
4255,4254000001,4255000000,0,
4256,4255000001,4256000000,0,
4257,4256000001,4257000000,0,
4258,4257000001,4258000000,0,
4259,4258000001,4259000000,0,
4260,4259000001,4260000000,0,
4261,4260000001,4261000000,0,
4262,4261000001,4262000000,0,
4263,4262000001,4263000000,0,
4264,4263000001,4264000000,0,
4265,4264000001,4265000000,0,
4266,4265000001,4266000000,0,
4267,4266000001,4267000000,0,
4268,4267000001,4268000000,0,
4269,4268000001,4269000000,0,
4270,4269000001,4270000000,0,
4271,4270000001,4271000000,0,
4272,4271000001,4272000000,0,
4273,4272000001,4273000000,0,
4274,4273000001,4274000000,0,
4275,4274000001,4275000000,0,
4276,4275000001,4276000000,0,
4277,4276000001,4277000000,0,
4278,4277000001,4278000000,0,
4279,4278000001,4279000000,0,
4280,4279000001,4280000000,0,
4281,4280000001,4281000000,0,
4282,4281000001,4282000000,0,
4283,4282000001,4283000000,0,
4284,4283000001,4284000000,0,
4285,4284000001,4285000000,0,
4286,4285000001,4286000000,0,
4287,4286000001,4287000000,0,
4288,4287000001,4288000000,0,
4289,4288000001,4289000000,0,
4290,4289000001,4290000000,0,
4291,4290000001,4291000000,0,
4292,4291000001,4292000000,0,
4293,4292000001,4293000000,0,
4294,4293000001,4294000000,0,
4295,4294000001,4295000000,0,
4296,4295000001,4296000000,0,
4297,4296000001,4297000000,0,
4298,4297000001,4298000000,0,
4299,4298000001,4299000000,0,
4300,4299000001,4300000000,0,
4301,4300000001,4301000000,0,
4302,4301000001,4302000000,0,
4303,4302000001,4303000000,0,
4304,4303000001,4304000000,0,
4305,4304000001,4305000000,0,
4306,4305000001,4306000000,0,
4307,4306000001,4307000000,0,
4308,4307000001,4308000000,0,
4309,4308000001,4309000000,0,
4310,4309000001,4310000000,0,
4311,4310000001,4311000000,0,
4312,4311000001,4312000000,0,
4313,4312000001,4313000000,0,
4314,4313000001,4314000000,0,
4315,4314000001,4315000000,0,
4316,4315000001,4316000000,0,
4317,4316000001,4317000000,0,
4318,4317000001,4318000000,0,
4319,4318000001,4319000000,0,
4320,4319000001,4320000000,0,
4321,4320000001,4321000000,0,
4322,4321000001,4322000000,0,
4323,4322000001,4323000000,0,
4324,4323000001,4324000000,0,
4325,4324000001,4325000000,0,
4326,4325000001,4326000000,0,
4327,4326000001,4327000000,0,
4328,4327000001,4328000000,0,
4329,4328000001,4329000000,0,
4330,4329000001,4330000000,0,
4331,4330000001,4331000000,0,
4332,4331000001,4332000000,0,
4333,4332000001,4333000000,0,
4334,4333000001,4334000000,0,
4335,4334000001,4335000000,0,
4336,4335000001,4336000000,0,
4337,4336000001,4337000000,0,
4338,4337000001,4338000000,0,
4339,4338000001,4339000000,0,
4340,4339000001,4340000000,0,
4341,4340000001,4341000000,0,
4342,4341000001,4342000000,0,
4343,4342000001,4343000000,0,
4344,4343000001,4344000000,0,
4345,4344000001,4345000000,0,
4346,4345000001,4346000000,0,
4347,4346000001,4347000000,0,
4348,4347000001,4348000000,0,
4349,4348000001,4349000000,0,
4350,4349000001,4350000000,0,
4351,4350000001,4351000000,0,
4352,4351000001,4352000000,0,
4353,4352000001,4353000000,0,
4354,4353000001,4354000000,0,
4355,4354000001,4355000000,0,
4356,4355000001,4356000000,0,
4357,4356000001,4357000000,0,
4358,4357000001,4358000000,0,
4359,4358000001,4359000000,0,
4360,4359000001,4360000000,0,
4361,4360000001,4361000000,0,
4362,4361000001,4362000000,0,
4363,4362000001,4363000000,0,
4364,4363000001,4364000000,0,
4365,4364000001,4365000000,0,
4366,4365000001,4366000000,0,
4367,4366000001,4367000000,0,
4368,4367000001,4368000000,0,
4369,4368000001,4369000000,0,
4370,4369000001,4370000000,0,
4371,4370000001,4371000000,0,
4372,4371000001,4372000000,0,
4373,4372000001,4373000000,0,
4374,4373000001,4374000000,0,
4375,4374000001,4375000000,0,
4376,4375000001,4376000000,0,
4377,4376000001,4377000000,0,
4378,4377000001,4378000000,0,
4379,4378000001,4379000000,0,
4380,4379000001,4380000000,0,
4381,4380000001,4381000000,0,
4382,4381000001,4382000000,0,
4383,4382000001,4383000000,0,
4384,4383000001,4384000000,0,
4385,4384000001,4385000000,0,
4386,4385000001,4386000000,0,
4387,4386000001,4387000000,0,
4388,4387000001,4388000000,0,
4389,4388000001,4389000000,0,
4390,4389000001,4390000000,0,
4391,4390000001,4391000000,0,
4392,4391000001,4392000000,0,
4393,4392000001,4393000000,0,
4394,4393000001,4394000000,0,
4395,4394000001,4395000000,0,
4396,4395000001,4396000000,0,
4397,4396000001,4397000000,0,
4398,4397000001,4398000000,0,
4399,4398000001,4399000000,0,
4400,4399000001,4400000000,0,
4401,4400000001,4401000000,0,
4402,4401000001,4402000000,0,
4403,4402000001,4403000000,0,
4404,4403000001,4404000000,0,
4405,4404000001,4405000000,0,
4406,4405000001,4406000000,0,
4407,4406000001,4407000000,0,
4408,4407000001,4408000000,0,
4409,4408000001,4409000000,0,
4410,4409000001,4410000000,0,
4411,4410000001,4411000000,0,
4412,4411000001,4412000000,0,
4413,4412000001,4413000000,0,
4414,4413000001,4414000000,0,
4415,4414000001,4415000000,0,
4416,4415000001,4416000000,0,
4417,4416000001,4417000000,0,
4418,4417000001,4418000000,0,
4419,4418000001,4419000000,0,
4420,4419000001,4420000000,0,
4421,4420000001,4421000000,0,
4422,4421000001,4422000000,0,
4423,4422000001,4423000000,0,
4424,4423000001,4424000000,0,
4425,4424000001,4425000000,0,
4426,4425000001,4426000000,0,
4427,4426000001,4427000000,0,
4428,4427000001,4428000000,0,
4429,4428000001,4429000000,0,
4430,4429000001,4430000000,0,
4431,4430000001,4431000000,0,
4432,4431000001,4432000000,0,
4433,4432000001,4433000000,0,
4434,4433000001,4434000000,0,
4435,4434000001,4435000000,0,
4436,4435000001,4436000000,0,
4437,4436000001,4437000000,0,
4438,4437000001,4438000000,0,
4439,4438000001,4439000000,0,
4440,4439000001,4440000000,0,
4441,4440000001,4441000000,0,
4442,4441000001,4442000000,0,
4443,4442000001,4443000000,0,
4444,4443000001,4444000000,0,
4445,4444000001,4445000000,0,
4446,4445000001,4446000000,0,
4447,4446000001,4447000000,0,
4448,4447000001,4448000000,0,
4449,4448000001,4449000000,0,
4450,4449000001,4450000000,0,
4451,4450000001,4451000000,0,
4452,4451000001,4452000000,0,
4453,4452000001,4453000000,0,
4454,4453000001,4454000000,0,
4455,4454000001,4455000000,0,
4456,4455000001,4456000000,0,
4457,4456000001,4457000000,0,
4458,4457000001,4458000000,0,
4459,4458000001,4459000000,0,
4460,4459000001,4460000000,0,
4461,4460000001,4461000000,0,
4462,4461000001,4462000000,0,
4463,4462000001,4463000000,0,
4464,4463000001,4464000000,0,
4465,4464000001,4465000000,0,
4466,4465000001,4466000000,0,
4467,4466000001,4467000000,0,
4468,4467000001,4468000000,0,
4469,4468000001,4469000000,0,
4470,4469000001,4470000000,0,
4471,4470000001,4471000000,0,
4472,4471000001,4472000000,0,
4473,4472000001,4473000000,0,
4474,4473000001,4474000000,0,
4475,4474000001,4475000000,0,
4476,4475000001,4476000000,0,
4477,4476000001,4477000000,0,
4478,4477000001,4478000000,0,
4479,4478000001,4479000000,0,
4480,4479000001,4480000000,0,
4481,4480000001,4481000000,0,
4482,4481000001,4482000000,0,
4483,4482000001,4483000000,0,
4484,4483000001,4484000000,0,
4485,4484000001,4485000000,0,
4486,4485000001,4486000000,0,
4487,4486000001,4487000000,0,
4488,4487000001,4488000000,0,
4489,4488000001,4489000000,0,
4490,4489000001,4490000000,0,
4491,4490000001,4491000000,0,
4492,4491000001,4492000000,0,
4493,4492000001,4493000000,0,
4494,4493000001,4494000000,0,
4495,4494000001,4495000000,0,
4496,4495000001,4496000000,0,
4497,4496000001,4497000000,0,
4498,4497000001,4498000000,0,
4499,4498000001,4499000000,0,
4500,4499000001,4500000000,0,
4501,4500000001,4501000000,0,
4502,4501000001,4502000000,0,
4503,4502000001,4503000000,0,
4504,4503000001,4504000000,0,
4505,4504000001,4505000000,0,
4506,4505000001,4506000000,0,
4507,4506000001,4507000000,0,
4508,4507000001,4508000000,0,
4509,4508000001,4509000000,0,
4510,4509000001,4510000000,0,
4511,4510000001,4511000000,0,
4512,4511000001,4512000000,0,
4513,4512000001,4513000000,0,
4514,4513000001,4514000000,0,
4515,4514000001,4515000000,0,
4516,4515000001,4516000000,0,
4517,4516000001,4517000000,0,
4518,4517000001,4518000000,0,
4519,4518000001,4519000000,0,
4520,4519000001,4520000000,0,
4521,4520000001,4521000000,0,
4522,4521000001,4522000000,0,
4523,4522000001,4523000000,0,
4524,4523000001,4524000000,0,
4525,4524000001,4525000000,0,
4526,4525000001,4526000000,0,
4527,4526000001,4527000000,0,
4528,4527000001,4528000000,0,
4529,4528000001,4529000000,0,
4530,4529000001,4530000000,0,
4531,4530000001,4531000000,0,
4532,4531000001,4532000000,0,
4533,4532000001,4533000000,0,
4534,4533000001,4534000000,0,
4535,4534000001,4535000000,0,
4536,4535000001,4536000000,0,
4537,4536000001,4537000000,0,
4538,4537000001,4538000000,0,
4539,4538000001,4539000000,0,
4540,4539000001,4540000000,0,
4541,4540000001,4541000000,0,
4542,4541000001,4542000000,0,
4543,4542000001,4543000000,0,
4544,4543000001,4544000000,0,
4545,4544000001,4545000000,0,
4546,4545000001,4546000000,0,
4547,4546000001,4547000000,0,
4548,4547000001,4548000000,0,
4549,4548000001,4549000000,0,
4550,4549000001,4550000000,0,
4551,4550000001,4551000000,0,
4552,4551000001,4552000000,0,
4553,4552000001,4553000000,0,
4554,4553000001,4554000000,0,
4555,4554000001,4555000000,0,
4556,4555000001,4556000000,0,
4557,4556000001,4557000000,0,
4558,4557000001,4558000000,0,
4559,4558000001,4559000000,0,
4560,4559000001,4560000000,0,
4561,4560000001,4561000000,0,
4562,4561000001,4562000000,0,
4563,4562000001,4563000000,0,
4564,4563000001,4564000000,0,
4565,4564000001,4565000000,0,
4566,4565000001,4566000000,0,
4567,4566000001,4567000000,0,
4568,4567000001,4568000000,0,
4569,4568000001,4569000000,0,
4570,4569000001,4570000000,0,
4571,4570000001,4571000000,0,
4572,4571000001,4572000000,0,
4573,4572000001,4573000000,0,
4574,4573000001,4574000000,0,
4575,4574000001,4575000000,0,
4576,4575000001,4576000000,0,
4577,4576000001,4577000000,0,
4578,4577000001,4578000000,0,
4579,4578000001,4579000000,0,
4580,4579000001,4580000000,0,
4581,4580000001,4581000000,0,
4582,4581000001,4582000000,0,
4583,4582000001,4583000000,0,
4584,4583000001,4584000000,0,
4585,4584000001,4585000000,0,
4586,4585000001,4586000000,0,
4587,4586000001,4587000000,0,
4588,4587000001,4588000000,0,
4589,4588000001,4589000000,0,
4590,4589000001,4590000000,0,
4591,4590000001,4591000000,0,
4592,4591000001,4592000000,0,
4593,4592000001,4593000000,0,
4594,4593000001,4594000000,0,
4595,4594000001,4595000000,0,
4596,4595000001,4596000000,0,
4597,4596000001,4597000000,0,
4598,4597000001,4598000000,0,
4599,4598000001,4599000000,0,
4600,4599000001,4600000000,0,
4601,4600000001,4601000000,0,
4602,4601000001,4602000000,0,
4603,4602000001,4603000000,0,
4604,4603000001,4604000000,0,
4605,4604000001,4605000000,0,
4606,4605000001,4606000000,0,
4607,4606000001,4607000000,0,
4608,4607000001,4608000000,0,
4609,4608000001,4609000000,0,
4610,4609000001,4610000000,0,
4611,4610000001,4611000000,0,
4612,4611000001,4612000000,0,
4613,4612000001,4613000000,0,
4614,4613000001,4614000000,0,
4615,4614000001,4615000000,0,
4616,4615000001,4616000000,0,
4617,4616000001,4617000000,0,
4618,4617000001,4618000000,0,
4619,4618000001,4619000000,0,
4620,4619000001,4620000000,0,
4621,4620000001,4621000000,0,
4622,4621000001,4622000000,0,
4623,4622000001,4623000000,0,
4624,4623000001,4624000000,0,
4625,4624000001,4625000000,0,
4626,4625000001,4626000000,0,
4627,4626000001,4627000000,0,
4628,4627000001,4628000000,0,
4629,4628000001,4629000000,0,
4630,4629000001,4630000000,0,
4631,4630000001,4631000000,0,
4632,4631000001,4632000000,0,
4633,4632000001,4633000000,0,
4634,4633000001,4634000000,0,
4635,4634000001,4635000000,0,
4636,4635000001,4636000000,0,
4637,4636000001,4637000000,0,
4638,4637000001,4638000000,0,
4639,4638000001,4639000000,0,
4640,4639000001,4640000000,0,
4641,4640000001,4641000000,0,
4642,4641000001,4642000000,0,
4643,4642000001,4643000000,0,
4644,4643000001,4644000000,0,
4645,4644000001,4645000000,0,
4646,4645000001,4646000000,0,
4647,4646000001,4647000000,0,
4648,4647000001,4648000000,0,
4649,4648000001,4649000000,0,
4650,4649000001,4650000000,0,
4651,4650000001,4651000000,0,
4652,4651000001,4652000000,0,
4653,4652000001,4653000000,0,
4654,4653000001,4654000000,0,
4655,4654000001,4655000000,0,
4656,4655000001,4656000000,0,
4657,4656000001,4657000000,0,
4658,4657000001,4658000000,0,
4659,4658000001,4659000000,0,
4660,4659000001,4660000000,0,
4661,4660000001,4661000000,0,
4662,4661000001,4662000000,0,
4663,4662000001,4663000000,0,
4664,4663000001,4664000000,0,
4665,4664000001,4665000000,0,
4666,4665000001,4666000000,0,
4667,4666000001,4667000000,0,
4668,4667000001,4668000000,0,
4669,4668000001,4669000000,0,
4670,4669000001,4670000000,0,
4671,4670000001,4671000000,0,
4672,4671000001,4672000000,0,
4673,4672000001,4673000000,0,
4674,4673000001,4674000000,0,
4675,4674000001,4675000000,0,
4676,4675000001,4676000000,0,
4677,4676000001,4677000000,0,
4678,4677000001,4678000000,0,
4679,4678000001,4679000000,0,
4680,4679000001,4680000000,0,
4681,4680000001,4681000000,0,
4682,4681000001,4682000000,0,
4683,4682000001,4683000000,0,
4684,4683000001,4684000000,0,
4685,4684000001,4685000000,0,
4686,4685000001,4686000000,0,
4687,4686000001,4687000000,0,
4688,4687000001,4688000000,0,
4689,4688000001,4689000000,0,
4690,4689000001,4690000000,0,
4691,4690000001,4691000000,0,
4692,4691000001,4692000000,0,
4693,4692000001,4693000000,0,
4694,4693000001,4694000000,0,
4695,4694000001,4695000000,0,
4696,4695000001,4696000000,0,
4697,4696000001,4697000000,0,
4698,4697000001,4698000000,0,
4699,4698000001,4699000000,0,
4700,4699000001,4700000000,0,
4701,4700000001,4701000000,0,
4702,4701000001,4702000000,0,
4703,4702000001,4703000000,0,
4704,4703000001,4704000000,0,
4705,4704000001,4705000000,0,
4706,4705000001,4706000000,0,
4707,4706000001,4707000000,0,
4708,4707000001,4708000000,0,
4709,4708000001,4709000000,0,
4710,4709000001,4710000000,0,
4711,4710000001,4711000000,0,
4712,4711000001,4712000000,0,
4713,4712000001,4713000000,0,
4714,4713000001,4714000000,0,
4715,4714000001,4715000000,0,
4716,4715000001,4716000000,0,
4717,4716000001,4717000000,0,
4718,4717000001,4718000000,0,
4719,4718000001,4719000000,0,
4720,4719000001,4720000000,0,
4721,4720000001,4721000000,0,
4722,4721000001,4722000000,0,
4723,4722000001,4723000000,0,
4724,4723000001,4724000000,0,
4725,4724000001,4725000000,0,
4726,4725000001,4726000000,0,
4727,4726000001,4727000000,0,
4728,4727000001,4728000000,0,
4729,4728000001,4729000000,0,
4730,4729000001,4730000000,0,
4731,4730000001,4731000000,0,
4732,4731000001,4732000000,0,
4733,4732000001,4733000000,0,
4734,4733000001,4734000000,0,
4735,4734000001,4735000000,0,
4736,4735000001,4736000000,0,
4737,4736000001,4737000000,0,
4738,4737000001,4738000000,0,
4739,4738000001,4739000000,0,
4740,4739000001,4740000000,0,
4741,4740000001,4741000000,0,
4742,4741000001,4742000000,0,
4743,4742000001,4743000000,0,
4744,4743000001,4744000000,0,
4745,4744000001,4745000000,0,
4746,4745000001,4746000000,0,
4747,4746000001,4747000000,0,
4748,4747000001,4748000000,0,
4749,4748000001,4749000000,0,
4750,4749000001,4750000000,0,
4751,4750000001,4751000000,0,
4752,4751000001,4752000000,0,
4753,4752000001,4753000000,0,
4754,4753000001,4754000000,0,
4755,4754000001,4755000000,0,
4756,4755000001,4756000000,0,
4757,4756000001,4757000000,0,
4758,4757000001,4758000000,0,
4759,4758000001,4759000000,0,
4760,4759000001,4760000000,0,
4761,4760000001,4761000000,0,
4762,4761000001,4762000000,0,
4763,4762000001,4763000000,0,
4764,4763000001,4764000000,0,
4765,4764000001,4765000000,0,
4766,4765000001,4766000000,0,
4767,4766000001,4767000000,0,
4768,4767000001,4768000000,0,
4769,4768000001,4769000000,0,
4770,4769000001,4770000000,0,
4771,4770000001,4771000000,0,
4772,4771000001,4772000000,0,
4773,4772000001,4773000000,0,
4774,4773000001,4774000000,0,
4775,4774000001,4775000000,0,
4776,4775000001,4776000000,0,
4777,4776000001,4777000000,0,
4778,4777000001,4778000000,0,
4779,4778000001,4779000000,0,
4780,4779000001,4780000000,0,
4781,4780000001,4781000000,0,
4782,4781000001,4782000000,0,
4783,4782000001,4783000000,0,
4784,4783000001,4784000000,0,
4785,4784000001,4785000000,0,
4786,4785000001,4786000000,0,
4787,4786000001,4787000000,0,
4788,4787000001,4788000000,0,
4789,4788000001,4789000000,0,
4790,4789000001,4790000000,0,
4791,4790000001,4791000000,0,
4792,4791000001,4792000000,0,
4793,4792000001,4793000000,0,
4794,4793000001,4794000000,0,
4795,4794000001,4795000000,0,
4796,4795000001,4796000000,0,
4797,4796000001,4797000000,0,
4798,4797000001,4798000000,0,
4799,4798000001,4799000000,0,
4800,4799000001,4800000000,0,
4801,4800000001,4801000000,0,
4802,4801000001,4802000000,0,
4803,4802000001,4803000000,0,
4804,4803000001,4804000000,0,
4805,4804000001,4805000000,0,
4806,4805000001,4806000000,0,
4807,4806000001,4807000000,0,
4808,4807000001,4808000000,0,
4809,4808000001,4809000000,0,
4810,4809000001,4810000000,0,
4811,4810000001,4811000000,0,
4812,4811000001,4812000000,0,
4813,4812000001,4813000000,0,
4814,4813000001,4814000000,0,
4815,4814000001,4815000000,0,
4816,4815000001,4816000000,0,
4817,4816000001,4817000000,0,
4818,4817000001,4818000000,0,
4819,4818000001,4819000000,0,
4820,4819000001,4820000000,0,
4821,4820000001,4821000000,0,
4822,4821000001,4822000000,0,
4823,4822000001,4823000000,0,
4824,4823000001,4824000000,0,
4825,4824000001,4825000000,0,
4826,4825000001,4826000000,0,
4827,4826000001,4827000000,0,
4828,4827000001,4828000000,0,
4829,4828000001,4829000000,0,
4830,4829000001,4830000000,0,
4831,4830000001,4831000000,0,
4832,4831000001,4832000000,0,
4833,4832000001,4833000000,0,
4834,4833000001,4834000000,0,
4835,4834000001,4835000000,0,
4836,4835000001,4836000000,0,
4837,4836000001,4837000000,0,
4838,4837000001,4838000000,0,
4839,4838000001,4839000000,0,
4840,4839000001,4840000000,0,
4841,4840000001,4841000000,0,
4842,4841000001,4842000000,0,
4843,4842000001,4843000000,0,
4844,4843000001,4844000000,0,
4845,4844000001,4845000000,0,
4846,4845000001,4846000000,0,
4847,4846000001,4847000000,0,
4848,4847000001,4848000000,0,
4849,4848000001,4849000000,0,
4850,4849000001,4850000000,0,
4851,4850000001,4851000000,0,
4852,4851000001,4852000000,0,
4853,4852000001,4853000000,0,
4854,4853000001,4854000000,0,
4855,4854000001,4855000000,0,
4856,4855000001,4856000000,0,
4857,4856000001,4857000000,0,
4858,4857000001,4858000000,0,
4859,4858000001,4859000000,0,
4860,4859000001,4860000000,0,
4861,4860000001,4861000000,0,
4862,4861000001,4862000000,0,
4863,4862000001,4863000000,0,
4864,4863000001,4864000000,0,
4865,4864000001,4865000000,0,
4866,4865000001,4866000000,0,
4867,4866000001,4867000000,0,
4868,4867000001,4868000000,0,
4869,4868000001,4869000000,0,
4870,4869000001,4870000000,0,
4871,4870000001,4871000000,0,
4872,4871000001,4872000000,0,
4873,4872000001,4873000000,0,
4874,4873000001,4874000000,0,
4875,4874000001,4875000000,0,
4876,4875000001,4876000000,0,
4877,4876000001,4877000000,0,
4878,4877000001,4878000000,0,
4879,4878000001,4879000000,0,
4880,4879000001,4880000000,0,
4881,4880000001,4881000000,0,
4882,4881000001,4882000000,0,
4883,4882000001,4883000000,0,
4884,4883000001,4884000000,0,
4885,4884000001,4885000000,0,
4886,4885000001,4886000000,0,
4887,4886000001,4887000000,0,
4888,4887000001,4888000000,0,
4889,4888000001,4889000000,0,
4890,4889000001,4890000000,0,
4891,4890000001,4891000000,0,
4892,4891000001,4892000000,0,
4893,4892000001,4893000000,0,
4894,4893000001,4894000000,0,
4895,4894000001,4895000000,0,
4896,4895000001,4896000000,0,
4897,4896000001,4897000000,0,
4898,4897000001,4898000000,0,
4899,4898000001,4899000000,0,
4900,4899000001,4900000000,0,
4901,4900000001,4901000000,0,
4902,4901000001,4902000000,0,
4903,4902000001,4903000000,0,
4904,4903000001,4904000000,0,
4905,4904000001,4905000000,0,
4906,4905000001,4906000000,0,
4907,4906000001,4907000000,0,
4908,4907000001,4908000000,0,
4909,4908000001,4909000000,0,
4910,4909000001,4910000000,0,
4911,4910000001,4911000000,0,
4912,4911000001,4912000000,0,
4913,4912000001,4913000000,0,
4914,4913000001,4914000000,0,
4915,4914000001,4915000000,0,
4916,4915000001,4916000000,0,
4917,4916000001,4917000000,0,
4918,4917000001,4918000000,0,
4919,4918000001,4919000000,0,
4920,4919000001,4920000000,0,
4921,4920000001,4921000000,0,
4922,4921000001,4922000000,0,
4923,4922000001,4923000000,0,
4924,4923000001,4924000000,0,
4925,4924000001,4925000000,0,
4926,4925000001,4926000000,0,
4927,4926000001,4927000000,0,
4928,4927000001,4928000000,0,
4929,4928000001,4929000000,0,
4930,4929000001,4930000000,0,
4931,4930000001,4931000000,0,
4932,4931000001,4932000000,0,
4933,4932000001,4933000000,0,
4934,4933000001,4934000000,0,
4935,4934000001,4935000000,0,
4936,4935000001,4936000000,0,
4937,4936000001,4937000000,0,
4938,4937000001,4938000000,0,
4939,4938000001,4939000000,0,
4940,4939000001,4940000000,0,
4941,4940000001,4941000000,0,
4942,4941000001,4942000000,0,
4943,4942000001,4943000000,0,
4944,4943000001,4944000000,0,
4945,4944000001,4945000000,0,
4946,4945000001,4946000000,0,
4947,4946000001,4947000000,0,
4948,4947000001,4948000000,0,
4949,4948000001,4949000000,0,
4950,4949000001,4950000000,0,
4951,4950000001,4951000000,0,
4952,4951000001,4952000000,0,
4953,4952000001,4953000000,0,
4954,4953000001,4954000000,0,
4955,4954000001,4955000000,0,
4956,4955000001,4956000000,0,
4957,4956000001,4957000000,0,
4958,4957000001,4958000000,0,
4959,4958000001,4959000000,0,
4960,4959000001,4960000000,0,
4961,4960000001,4961000000,0,
4962,4961000001,4962000000,0,
4963,4962000001,4963000000,0,
4964,4963000001,4964000000,0,
4965,4964000001,4965000000,0,
4966,4965000001,4966000000,0,
4967,4966000001,4967000000,0,
4968,4967000001,4968000000,0,
4969,4968000001,4969000000,0,
4970,4969000001,4970000000,0,
4971,4970000001,4971000000,0,
4972,4971000001,4972000000,0,
4973,4972000001,4973000000,0,
4974,4973000001,4974000000,0,
4975,4974000001,4975000000,0,
4976,4975000001,4976000000,0,
4977,4976000001,4977000000,0,
4978,4977000001,4978000000,0,
4979,4978000001,4979000000,0,
4980,4979000001,4980000000,0,
4981,4980000001,4981000000,0,
4982,4981000001,4982000000,0,
4983,4982000001,4983000000,0,
4984,4983000001,4984000000,0,
4985,4984000001,4985000000,0,
4986,4985000001,4986000000,0,
4987,4986000001,4987000000,0,
4988,4987000001,4988000000,0,
4989,4988000001,4989000000,0,
4990,4989000001,4990000000,0,
4991,4990000001,4991000000,0,
4992,4991000001,4992000000,0,
4993,4992000001,4993000000,0,
4994,4993000001,4994000000,0,
4995,4994000001,4995000000,0,
4996,4995000001,4996000000,0,
4997,4996000001,4997000000,0,
4998,4997000001,4998000000,0,
4999,4998000001,4999000000,0,
5000,4999000001,5000000000,0,
5001,5000000001,5001000000,0,
5002,5001000001,5002000000,0,
5003,5002000001,5003000000,0,
5004,5003000001,5004000000,0,
5005,5004000001,5005000000,0,
5006,5005000001,5006000000,0,
5007,5006000001,5007000000,0,
5008,5007000001,5008000000,0,
5009,5008000001,5009000000,0,
5010,5009000001,5010000000,0,
5011,5010000001,5011000000,0,
5012,5011000001,5012000000,0,
5013,5012000001,5013000000,0,
5014,5013000001,5014000000,0,
5015,5014000001,5015000000,0,
5016,5015000001,5016000000,0,
5017,5016000001,5017000000,0,
5018,5017000001,5018000000,0,
5019,5018000001,5019000000,0,
5020,5019000001,5020000000,0,
5021,5020000001,5021000000,0,
5022,5021000001,5022000000,0,
5023,5022000001,5023000000,0,
5024,5023000001,5024000000,0,
5025,5024000001,5025000000,0,
5026,5025000001,5026000000,0,
5027,5026000001,5027000000,0,
5028,5027000001,5028000000,0,
5029,5028000001,5029000000,0,
5030,5029000001,5030000000,0,
5031,5030000001,5031000000,0,
5032,5031000001,5032000000,0,
5033,5032000001,5033000000,0,
5034,5033000001,5034000000,0,
5035,5034000001,5035000000,0,
5036,5035000001,5036000000,0,
5037,5036000001,5037000000,0,
5038,5037000001,5038000000,0,
5039,5038000001,5039000000,0,
5040,5039000001,5040000000,0,
5041,5040000001,5041000000,0,
5042,5041000001,5042000000,0,
5043,5042000001,5043000000,0,
5044,5043000001,5044000000,0,
5045,5044000001,5045000000,0,
5046,5045000001,5046000000,0,
5047,5046000001,5047000000,0,
5048,5047000001,5048000000,0,
5049,5048000001,5049000000,0,
5050,5049000001,5050000000,0,
5051,5050000001,5051000000,0,
5052,5051000001,5052000000,0,
5053,5052000001,5053000000,0,
5054,5053000001,5054000000,0,
5055,5054000001,5055000000,0,
5056,5055000001,5056000000,0,
5057,5056000001,5057000000,0,
5058,5057000001,5058000000,0,
5059,5058000001,5059000000,0,
5060,5059000001,5060000000,0,
5061,5060000001,5061000000,0,
5062,5061000001,5062000000,0,
5063,5062000001,5063000000,0,
5064,5063000001,5064000000,0,
5065,5064000001,5065000000,0,
5066,5065000001,5066000000,0,
5067,5066000001,5067000000,0,
5068,5067000001,5068000000,0,
5069,5068000001,5069000000,0,
5070,5069000001,5070000000,0,
5071,5070000001,5071000000,0,
5072,5071000001,5072000000,0,
5073,5072000001,5073000000,0,
5074,5073000001,5074000000,0,
5075,5074000001,5075000000,0,
5076,5075000001,5076000000,0,
5077,5076000001,5077000000,0,
5078,5077000001,5078000000,0,
5079,5078000001,5079000000,0,
5080,5079000001,5080000000,0,
5081,5080000001,5081000000,0,
5082,5081000001,5082000000,0,
5083,5082000001,5083000000,0,
5084,5083000001,5084000000,0,
5085,5084000001,5085000000,0,
5086,5085000001,5086000000,0,
5087,5086000001,5087000000,0,
5088,5087000001,5088000000,0,
5089,5088000001,5089000000,0,
5090,5089000001,5090000000,0,
5091,5090000001,5091000000,0,
5092,5091000001,5092000000,0,
5093,5092000001,5093000000,0,
5094,5093000001,5094000000,0,
5095,5094000001,5095000000,0,
5096,5095000001,5096000000,0,
5097,5096000001,5097000000,0,
5098,5097000001,5098000000,0,
5099,5098000001,5099000000,0,
5100,5099000001,5100000000,0,
5101,5100000001,5101000000,0,
5102,5101000001,5102000000,0,
5103,5102000001,5103000000,0,
5104,5103000001,5104000000,0,
5105,5104000001,5105000000,0,
5106,5105000001,5106000000,0,
5107,5106000001,5107000000,0,
5108,5107000001,5108000000,0,
5109,5108000001,5109000000,0,
5110,5109000001,5110000000,0,
5111,5110000001,5111000000,0,
5112,5111000001,5112000000,0,
5113,5112000001,5113000000,0,
5114,5113000001,5114000000,0,
5115,5114000001,5115000000,0,
5116,5115000001,5116000000,0,
5117,5116000001,5117000000,0,
5118,5117000001,5118000000,0,
5119,5118000001,5119000000,0,
5120,5119000001,5120000000,0,
5121,5120000001,5121000000,0,
5122,5121000001,5122000000,0,
5123,5122000001,5123000000,0,
5124,5123000001,5124000000,0,
5125,5124000001,5125000000,0,
5126,5125000001,5126000000,0,
5127,5126000001,5127000000,0,
5128,5127000001,5128000000,0,
5129,5128000001,5129000000,0,
5130,5129000001,5130000000,0,
5131,5130000001,5131000000,0,
5132,5131000001,5132000000,0,
5133,5132000001,5133000000,0,
5134,5133000001,5134000000,0,
5135,5134000001,5135000000,0,
5136,5135000001,5136000000,0,
5137,5136000001,5137000000,0,
5138,5137000001,5138000000,0,
5139,5138000001,5139000000,0,
5140,5139000001,5140000000,0,
5141,5140000001,5141000000,0,
5142,5141000001,5142000000,0,
5143,5142000001,5143000000,0,
5144,5143000001,5144000000,0,
5145,5144000001,5145000000,0,
5146,5145000001,5146000000,0,
5147,5146000001,5147000000,0,
5148,5147000001,5148000000,0,
5149,5148000001,5149000000,0,
5150,5149000001,5150000000,0,
5151,5150000001,5151000000,0,
5152,5151000001,5152000000,0,
5153,5152000001,5153000000,0,
5154,5153000001,5154000000,0,
5155,5154000001,5155000000,0,
5156,5155000001,5156000000,0,
5157,5156000001,5157000000,0,
5158,5157000001,5158000000,0,
5159,5158000001,5159000000,0,
5160,5159000001,5160000000,0,
5161,5160000001,5161000000,0,
5162,5161000001,5162000000,0,
5163,5162000001,5163000000,0,
5164,5163000001,5164000000,0,
5165,5164000001,5165000000,0,
5166,5165000001,5166000000,0,
5167,5166000001,5167000000,0,
5168,5167000001,5168000000,0,
5169,5168000001,5169000000,0,
5170,5169000001,5170000000,0,
5171,5170000001,5171000000,0,
5172,5171000001,5172000000,0,
5173,5172000001,5173000000,0,
5174,5173000001,5174000000,0,
5175,5174000001,5175000000,0,
5176,5175000001,5176000000,0,
5177,5176000001,5177000000,0,
5178,5177000001,5178000000,0,
5179,5178000001,5179000000,0,
5180,5179000001,5180000000,0,
5181,5180000001,5181000000,0,
5182,5181000001,5182000000,0,
5183,5182000001,5183000000,0,
5184,5183000001,5184000000,0,
5185,5184000001,5185000000,0,
5186,5185000001,5186000000,0,
5187,5186000001,5187000000,0,
5188,5187000001,5188000000,0,
5189,5188000001,5189000000,0,
5190,5189000001,5190000000,0,
5191,5190000001,5191000000,0,
5192,5191000001,5192000000,0,
5193,5192000001,5193000000,0,
5194,5193000001,5194000000,0,
5195,5194000001,5195000000,0,
5196,5195000001,5196000000,0,
5197,5196000001,5197000000,0,
5198,5197000001,5198000000,0,
5199,5198000001,5199000000,0,
5200,5199000001,5200000000,0,
5201,5200000001,5201000000,0,
5202,5201000001,5202000000,0,
5203,5202000001,5203000000,0,
5204,5203000001,5204000000,0,
5205,5204000001,5205000000,0,
5206,5205000001,5206000000,0,
5207,5206000001,5207000000,0,
5208,5207000001,5208000000,0,
5209,5208000001,5209000000,0,
5210,5209000001,5210000000,0,
5211,5210000001,5211000000,0,
5212,5211000001,5212000000,0,
5213,5212000001,5213000000,0,
5214,5213000001,5214000000,0,
5215,5214000001,5215000000,0,
5216,5215000001,5216000000,0,
5217,5216000001,5217000000,0,
5218,5217000001,5218000000,0,
5219,5218000001,5219000000,0,
5220,5219000001,5220000000,0,
5221,5220000001,5221000000,0,
5222,5221000001,5222000000,0,
5223,5222000001,5223000000,0,
5224,5223000001,5224000000,0,
5225,5224000001,5225000000,0,
5226,5225000001,5226000000,0,
5227,5226000001,5227000000,0,
5228,5227000001,5228000000,0,
5229,5228000001,5229000000,0,
5230,5229000001,5230000000,0,
5231,5230000001,5231000000,0,
5232,5231000001,5232000000,0,
5233,5232000001,5233000000,0,
5234,5233000001,5234000000,0,
5235,5234000001,5235000000,0,
5236,5235000001,5236000000,0,
5237,5236000001,5237000000,0,
5238,5237000001,5238000000,0,
5239,5238000001,5239000000,0,
5240,5239000001,5240000000,0,
5241,5240000001,5241000000,0,
5242,5241000001,5242000000,0,
5243,5242000001,5243000000,0,
5244,5243000001,5244000000,0,
5245,5244000001,5245000000,0,
5246,5245000001,5246000000,0,
5247,5246000001,5247000000,0,
5248,5247000001,5248000000,0,
5249,5248000001,5249000000,0,
5250,5249000001,5250000000,0,
5251,5250000001,5251000000,0,
5252,5251000001,5252000000,0,
5253,5252000001,5253000000,0,
5254,5253000001,5254000000,0,
5255,5254000001,5255000000,0,
5256,5255000001,5256000000,0,
5257,5256000001,5257000000,0,
5258,5257000001,5258000000,0,
5259,5258000001,5259000000,0,
5260,5259000001,5260000000,0,
5261,5260000001,5261000000,0,
5262,5261000001,5262000000,0,
5263,5262000001,5263000000,0,
5264,5263000001,5264000000,0,
5265,5264000001,5265000000,0,
5266,5265000001,5266000000,0,
5267,5266000001,5267000000,0,
5268,5267000001,5268000000,0,
5269,5268000001,5269000000,0,
5270,5269000001,5270000000,0,
5271,5270000001,5271000000,0,
5272,5271000001,5272000000,0,
5273,5272000001,5273000000,0,
5274,5273000001,5274000000,0,
5275,5274000001,5275000000,0,
5276,5275000001,5276000000,0,
5277,5276000001,5277000000,0,
5278,5277000001,5278000000,0,
5279,5278000001,5279000000,0,
5280,5279000001,5280000000,0,
5281,5280000001,5281000000,0,
5282,5281000001,5282000000,0,
5283,5282000001,5283000000,0,
5284,5283000001,5284000000,0,
5285,5284000001,5285000000,0,
5286,5285000001,5286000000,0,
5287,5286000001,5287000000,0,
5288,5287000001,5288000000,0,
5289,5288000001,5289000000,0,
5290,5289000001,5290000000,0,
5291,5290000001,5291000000,0,
5292,5291000001,5292000000,0,
5293,5292000001,5293000000,0,
5294,5293000001,5294000000,0,
5295,5294000001,5295000000,0,
5296,5295000001,5296000000,0,
5297,5296000001,5297000000,0,
5298,5297000001,5298000000,0,
5299,5298000001,5299000000,0,
5300,5299000001,5300000000,0,
5301,5300000001,5301000000,0,
5302,5301000001,5302000000,0,
5303,5302000001,5303000000,0,
5304,5303000001,5304000000,0,
5305,5304000001,5305000000,0,
5306,5305000001,5306000000,0,
5307,5306000001,5307000000,0,
5308,5307000001,5308000000,0,
5309,5308000001,5309000000,0,
5310,5309000001,5310000000,0,
5311,5310000001,5311000000,0,
5312,5311000001,5312000000,0,
5313,5312000001,5313000000,0,
5314,5313000001,5314000000,0,
5315,5314000001,5315000000,0,
5316,5315000001,5316000000,0,
5317,5316000001,5317000000,0,
5318,5317000001,5318000000,0,
5319,5318000001,5319000000,0,
5320,5319000001,5320000000,0,
5321,5320000001,5321000000,0,
5322,5321000001,5322000000,0,
5323,5322000001,5323000000,0,
5324,5323000001,5324000000,0,
5325,5324000001,5325000000,0,
5326,5325000001,5326000000,0,
5327,5326000001,5327000000,0,
5328,5327000001,5328000000,0,
5329,5328000001,5329000000,0,
5330,5329000001,5330000000,0,
5331,5330000001,5331000000,0,
5332,5331000001,5332000000,0,
5333,5332000001,5333000000,0,
5334,5333000001,5334000000,0,
5335,5334000001,5335000000,0,
5336,5335000001,5336000000,0,
5337,5336000001,5337000000,0,
5338,5337000001,5338000000,0,
5339,5338000001,5339000000,0,
5340,5339000001,5340000000,0,
5341,5340000001,5341000000,0,
5342,5341000001,5342000000,0,
5343,5342000001,5343000000,0,
5344,5343000001,5344000000,0,
5345,5344000001,5345000000,0,
5346,5345000001,5346000000,0,
5347,5346000001,5347000000,0,
5348,5347000001,5348000000,0,
5349,5348000001,5349000000,0,
5350,5349000001,5350000000,0,
5351,5350000001,5351000000,0,
5352,5351000001,5352000000,0,
5353,5352000001,5353000000,0,
5354,5353000001,5354000000,0,
5355,5354000001,5355000000,0,
5356,5355000001,5356000000,0,
5357,5356000001,5357000000,0,
5358,5357000001,5358000000,0,
5359,5358000001,5359000000,0,
5360,5359000001,5360000000,0,
5361,5360000001,5361000000,0,
5362,5361000001,5362000000,0,
5363,5362000001,5363000000,0,
5364,5363000001,5364000000,0,
5365,5364000001,5365000000,0,
5366,5365000001,5366000000,0,
5367,5366000001,5367000000,0,
5368,5367000001,5368000000,0,
5369,5368000001,5369000000,0,
5370,5369000001,5370000000,0,
5371,5370000001,5371000000,0,
5372,5371000001,5372000000,0,
5373,5372000001,5373000000,0,
5374,5373000001,5374000000,0,
5375,5374000001,5375000000,0,
5376,5375000001,5376000000,0,
5377,5376000001,5377000000,0,
5378,5377000001,5378000000,0,
5379,5378000001,5379000000,0,
5380,5379000001,5380000000,0,
5381,5380000001,5381000000,0,
5382,5381000001,5382000000,0,
5383,5382000001,5383000000,0,
5384,5383000001,5384000000,0,
5385,5384000001,5385000000,0,
5386,5385000001,5386000000,0,
5387,5386000001,5387000000,0,
5388,5387000001,5388000000,0,
5389,5388000001,5389000000,0,
5390,5389000001,5390000000,0,
5391,5390000001,5391000000,0,
5392,5391000001,5392000000,0,
5393,5392000001,5393000000,0,
5394,5393000001,5394000000,0,
5395,5394000001,5395000000,0,
5396,5395000001,5396000000,0,
5397,5396000001,5397000000,0,
5398,5397000001,5398000000,0,
5399,5398000001,5399000000,0,
5400,5399000001,5400000000,0,
5401,5400000001,5401000000,0,
5402,5401000001,5402000000,0,
5403,5402000001,5403000000,0,
5404,5403000001,5404000000,0,
5405,5404000001,5405000000,0,
5406,5405000001,5406000000,0,
5407,5406000001,5407000000,0,
5408,5407000001,5408000000,0,
5409,5408000001,5409000000,0,
5410,5409000001,5410000000,0,
5411,5410000001,5411000000,0,
5412,5411000001,5412000000,0,
5413,5412000001,5413000000,0,
5414,5413000001,5414000000,0,
5415,5414000001,5415000000,0,
5416,5415000001,5416000000,0,
5417,5416000001,5417000000,0,
5418,5417000001,5418000000,0,
5419,5418000001,5419000000,0,
5420,5419000001,5420000000,0,
5421,5420000001,5421000000,0,
5422,5421000001,5422000000,0,
5423,5422000001,5423000000,0,
5424,5423000001,5424000000,0,
5425,5424000001,5425000000,0,
5426,5425000001,5426000000,0,
5427,5426000001,5427000000,0,
5428,5427000001,5428000000,0,
5429,5428000001,5429000000,0,
5430,5429000001,5430000000,0,
5431,5430000001,5431000000,0,
5432,5431000001,5432000000,0,
5433,5432000001,5433000000,0,
5434,5433000001,5434000000,0,
5435,5434000001,5435000000,0,
5436,5435000001,5436000000,0,
5437,5436000001,5437000000,0,
5438,5437000001,5438000000,0,
5439,5438000001,5439000000,0,
5440,5439000001,5440000000,0,
5441,5440000001,5441000000,0,
5442,5441000001,5442000000,0,
5443,5442000001,5443000000,0,
5444,5443000001,5444000000,0,
5445,5444000001,5445000000,0,
5446,5445000001,5446000000,0,
5447,5446000001,5447000000,0,
5448,5447000001,5448000000,0,
5449,5448000001,5449000000,0,
5450,5449000001,5450000000,0,
5451,5450000001,5451000000,0,
5452,5451000001,5452000000,0,
5453,5452000001,5453000000,0,
5454,5453000001,5454000000,0,
5455,5454000001,5455000000,0,
5456,5455000001,5456000000,0,
5457,5456000001,5457000000,0,
5458,5457000001,5458000000,0,
5459,5458000001,5459000000,0,
5460,5459000001,5460000000,0,
5461,5460000001,5461000000,0,
5462,5461000001,5462000000,0,
5463,5462000001,5463000000,0,
5464,5463000001,5464000000,0,
5465,5464000001,5465000000,0,
5466,5465000001,5466000000,0,
5467,5466000001,5467000000,0,
5468,5467000001,5468000000,0,
5469,5468000001,5469000000,0,
5470,5469000001,5470000000,0,
5471,5470000001,5471000000,0,
5472,5471000001,5472000000,0,
5473,5472000001,5473000000,0,
5474,5473000001,5474000000,0,
5475,5474000001,5475000000,0,
5476,5475000001,5476000000,0,
5477,5476000001,5477000000,0,
5478,5477000001,5478000000,0,
5479,5478000001,5479000000,0,
5480,5479000001,5480000000,0,
5481,5480000001,5481000000,0,
5482,5481000001,5482000000,0,
5483,5482000001,5483000000,0,
5484,5483000001,5484000000,0,
5485,5484000001,5485000000,0,
5486,5485000001,5486000000,0,
5487,5486000001,5487000000,0,
5488,5487000001,5488000000,0,
5489,5488000001,5489000000,0,
5490,5489000001,5490000000,0,
5491,5490000001,5491000000,0,
5492,5491000001,5492000000,0,
5493,5492000001,5493000000,0,
5494,5493000001,5494000000,0,
5495,5494000001,5495000000,0,
5496,5495000001,5496000000,0,
5497,5496000001,5497000000,0,
5498,5497000001,5498000000,0,
5499,5498000001,5499000000,0,
5500,5499000001,5500000000,0,
5501,5500000001,5501000000,0,
5502,5501000001,5502000000,0,
5503,5502000001,5503000000,0,
5504,5503000001,5504000000,0,
5505,5504000001,5505000000,0,
5506,5505000001,5506000000,0,
5507,5506000001,5507000000,0,
5508,5507000001,5508000000,0,
5509,5508000001,5509000000,0,
5510,5509000001,5510000000,0,
5511,5510000001,5511000000,0,
5512,5511000001,5512000000,0,
5513,5512000001,5513000000,0,
5514,5513000001,5514000000,0,
5515,5514000001,5515000000,0,
5516,5515000001,5516000000,0,
5517,5516000001,5517000000,0,
5518,5517000001,5518000000,0,
5519,5518000001,5519000000,0,
5520,5519000001,5520000000,0,
5521,5520000001,5521000000,0,
5522,5521000001,5522000000,0,
5523,5522000001,5523000000,0,
5524,5523000001,5524000000,0,
5525,5524000001,5525000000,0,
5526,5525000001,5526000000,0,
5527,5526000001,5527000000,0,
5528,5527000001,5528000000,0,
5529,5528000001,5529000000,0,
5530,5529000001,5530000000,0,
5531,5530000001,5531000000,0,
5532,5531000001,5532000000,0,
5533,5532000001,5533000000,0,
5534,5533000001,5534000000,0,
5535,5534000001,5535000000,0,
5536,5535000001,5536000000,0,
5537,5536000001,5537000000,0,
5538,5537000001,5538000000,0,
5539,5538000001,5539000000,0,
5540,5539000001,5540000000,0,
5541,5540000001,5541000000,0,
5542,5541000001,5542000000,0,
5543,5542000001,5543000000,0,
5544,5543000001,5544000000,0,
5545,5544000001,5545000000,0,
5546,5545000001,5546000000,0,
5547,5546000001,5547000000,0,
5548,5547000001,5548000000,0,
5549,5548000001,5549000000,0,
5550,5549000001,5550000000,0,
5551,5550000001,5551000000,0,
5552,5551000001,5552000000,0,
5553,5552000001,5553000000,0,
5554,5553000001,5554000000,0,
5555,5554000001,5555000000,0,
5556,5555000001,5556000000,0,
5557,5556000001,5557000000,0,
5558,5557000001,5558000000,0,
5559,5558000001,5559000000,0,
5560,5559000001,5560000000,0,
5561,5560000001,5561000000,0,
5562,5561000001,5562000000,0,
5563,5562000001,5563000000,0,
5564,5563000001,5564000000,0,
5565,5564000001,5565000000,0,
5566,5565000001,5566000000,0,
5567,5566000001,5567000000,0,
5568,5567000001,5568000000,0,
5569,5568000001,5569000000,0,
5570,5569000001,5570000000,0,
5571,5570000001,5571000000,0,
5572,5571000001,5572000000,0,
5573,5572000001,5573000000,0,
5574,5573000001,5574000000,0,
5575,5574000001,5575000000,0,
5576,5575000001,5576000000,0,
5577,5576000001,5577000000,0,
5578,5577000001,5578000000,0,
5579,5578000001,5579000000,0,
5580,5579000001,5580000000,0,
5581,5580000001,5581000000,0,
5582,5581000001,5582000000,0,
5583,5582000001,5583000000,0,
5584,5583000001,5584000000,0,
5585,5584000001,5585000000,0,
5586,5585000001,5586000000,0,
5587,5586000001,5587000000,0,
5588,5587000001,5588000000,0,
5589,5588000001,5589000000,0,
5590,5589000001,5590000000,0,
5591,5590000001,5591000000,0,
5592,5591000001,5592000000,0,
5593,5592000001,5593000000,0,
5594,5593000001,5594000000,0,
5595,5594000001,5595000000,0,
5596,5595000001,5596000000,0,
5597,5596000001,5597000000,0,
5598,5597000001,5598000000,0,
5599,5598000001,5599000000,0,
5600,5599000001,5600000000,0,
5601,5600000001,5601000000,0,
5602,5601000001,5602000000,0,
5603,5602000001,5603000000,0,
5604,5603000001,5604000000,0,
5605,5604000001,5605000000,0,
5606,5605000001,5606000000,0,
5607,5606000001,5607000000,0,
5608,5607000001,5608000000,0,
5609,5608000001,5609000000,0,
5610,5609000001,5610000000,0,
5611,5610000001,5611000000,0,
5612,5611000001,5612000000,0,
5613,5612000001,5613000000,0,
5614,5613000001,5614000000,0,
5615,5614000001,5615000000,0,
5616,5615000001,5616000000,0,
5617,5616000001,5617000000,0,
5618,5617000001,5618000000,0,
5619,5618000001,5619000000,0,
5620,5619000001,5620000000,0,
5621,5620000001,5621000000,0,
5622,5621000001,5622000000,0,
5623,5622000001,5623000000,0,
5624,5623000001,5624000000,0,
5625,5624000001,5625000000,0,
5626,5625000001,5626000000,0,
5627,5626000001,5627000000,0,
5628,5627000001,5628000000,0,
5629,5628000001,5629000000,0,
5630,5629000001,5630000000,0,
5631,5630000001,5631000000,0,
5632,5631000001,5632000000,0,
5633,5632000001,5633000000,0,
5634,5633000001,5634000000,0,
5635,5634000001,5635000000,0,
5636,5635000001,5636000000,0,
5637,5636000001,5637000000,0,
5638,5637000001,5638000000,0,
5639,5638000001,5639000000,0,
5640,5639000001,5640000000,0,
5641,5640000001,5641000000,0,
5642,5641000001,5642000000,0,
5643,5642000001,5643000000,0,
5644,5643000001,5644000000,0,
5645,5644000001,5645000000,0,
5646,5645000001,5646000000,0,
5647,5646000001,5647000000,0,
5648,5647000001,5648000000,0,
5649,5648000001,5649000000,0,
5650,5649000001,5650000000,0,
5651,5650000001,5651000000,0,
5652,5651000001,5652000000,0,
5653,5652000001,5653000000,0,
5654,5653000001,5654000000,0,
5655,5654000001,5655000000,0,
5656,5655000001,5656000000,0,
5657,5656000001,5657000000,0,
5658,5657000001,5658000000,0,
5659,5658000001,5659000000,0,
5660,5659000001,5660000000,0,
5661,5660000001,5661000000,0,
5662,5661000001,5662000000,0,
5663,5662000001,5663000000,0,
5664,5663000001,5664000000,0,
5665,5664000001,5665000000,0,
5666,5665000001,5666000000,0,
5667,5666000001,5667000000,0,
5668,5667000001,5668000000,0,
5669,5668000001,5669000000,0,
5670,5669000001,5670000000,0,
5671,5670000001,5671000000,0,
5672,5671000001,5672000000,0,
5673,5672000001,5673000000,0,
5674,5673000001,5674000000,0,
5675,5674000001,5675000000,0,
5676,5675000001,5676000000,0,
5677,5676000001,5677000000,0,
5678,5677000001,5678000000,0,
5679,5678000001,5679000000,0,
5680,5679000001,5680000000,0,
5681,5680000001,5681000000,0,
5682,5681000001,5682000000,0,
5683,5682000001,5683000000,0,
5684,5683000001,5684000000,0,
5685,5684000001,5685000000,0,
5686,5685000001,5686000000,0,
5687,5686000001,5687000000,0,
5688,5687000001,5688000000,0,
5689,5688000001,5689000000,0,
5690,5689000001,5690000000,0,
5691,5690000001,5691000000,0,
5692,5691000001,5692000000,0,
5693,5692000001,5693000000,0,
5694,5693000001,5694000000,0,
5695,5694000001,5695000000,0,
5696,5695000001,5696000000,0,
5697,5696000001,5697000000,0,
5698,5697000001,5698000000,0,
5699,5698000001,5699000000,0,
5700,5699000001,5700000000,0,
5701,5700000001,5701000000,0,
5702,5701000001,5702000000,0,
5703,5702000001,5703000000,0,
5704,5703000001,5704000000,0,
5705,5704000001,5705000000,0,
5706,5705000001,5706000000,0,
5707,5706000001,5707000000,0,
5708,5707000001,5708000000,0,
5709,5708000001,5709000000,0,
5710,5709000001,5710000000,0,
5711,5710000001,5711000000,0,
5712,5711000001,5712000000,0,
5713,5712000001,5713000000,0,
5714,5713000001,5714000000,0,
5715,5714000001,5715000000,0,
5716,5715000001,5716000000,0,
5717,5716000001,5717000000,0,
5718,5717000001,5718000000,0,
5719,5718000001,5719000000,0,
5720,5719000001,5720000000,0,
5721,5720000001,5721000000,0,
5722,5721000001,5722000000,0,
5723,5722000001,5723000000,0,
5724,5723000001,5724000000,0,
5725,5724000001,5725000000,0,
5726,5725000001,5726000000,0,
5727,5726000001,5727000000,0,
5728,5727000001,5728000000,0,
5729,5728000001,5729000000,0,
5730,5729000001,5730000000,0,
5731,5730000001,5731000000,0,
5732,5731000001,5732000000,0,
5733,5732000001,5733000000,0,
5734,5733000001,5734000000,0,
5735,5734000001,5735000000,0,
5736,5735000001,5736000000,0,
5737,5736000001,5737000000,0,
5738,5737000001,5738000000,0,
5739,5738000001,5739000000,0,
5740,5739000001,5740000000,0,
5741,5740000001,5741000000,0,
5742,5741000001,5742000000,0,
5743,5742000001,5743000000,0,
5744,5743000001,5744000000,0,
5745,5744000001,5745000000,0,
5746,5745000001,5746000000,0,
5747,5746000001,5747000000,0,
5748,5747000001,5748000000,0,
5749,5748000001,5749000000,0,
5750,5749000001,5750000000,0,
5751,5750000001,5751000000,0,
5752,5751000001,5752000000,0,
5753,5752000001,5753000000,0,
5754,5753000001,5754000000,0,
5755,5754000001,5755000000,0,
5756,5755000001,5756000000,0,
5757,5756000001,5757000000,0,
5758,5757000001,5758000000,0,
5759,5758000001,5759000000,0,
5760,5759000001,5760000000,0,
5761,5760000001,5761000000,0,
5762,5761000001,5762000000,0,
5763,5762000001,5763000000,0,
5764,5763000001,5764000000,0,
5765,5764000001,5765000000,0,
5766,5765000001,5766000000,0,
5767,5766000001,5767000000,0,
5768,5767000001,5768000000,0,
5769,5768000001,5769000000,0,
5770,5769000001,5770000000,0,
5771,5770000001,5771000000,0,
5772,5771000001,5772000000,0,
5773,5772000001,5773000000,0,
5774,5773000001,5774000000,0,
5775,5774000001,5775000000,0,
5776,5775000001,5776000000,0,
5777,5776000001,5777000000,0,
5778,5777000001,5778000000,0,
5779,5778000001,5779000000,0,
5780,5779000001,5780000000,0,
5781,5780000001,5781000000,0,
5782,5781000001,5782000000,0,
5783,5782000001,5783000000,0,
5784,5783000001,5784000000,0,
5785,5784000001,5785000000,0,
5786,5785000001,5786000000,0,
5787,5786000001,5787000000,0,
5788,5787000001,5788000000,0,
5789,5788000001,5789000000,0,
5790,5789000001,5790000000,0,
5791,5790000001,5791000000,0,
5792,5791000001,5792000000,0,
5793,5792000001,5793000000,0,
5794,5793000001,5794000000,0,
5795,5794000001,5795000000,0,
5796,5795000001,5796000000,0,
5797,5796000001,5797000000,0,
5798,5797000001,5798000000,0,
5799,5798000001,5799000000,0,
5800,5799000001,5800000000,0,
5801,5800000001,5801000000,0,
5802,5801000001,5802000000,0,
5803,5802000001,5803000000,0,
5804,5803000001,5804000000,0,
5805,5804000001,5805000000,0,
5806,5805000001,5806000000,0,
5807,5806000001,5807000000,0,
5808,5807000001,5808000000,0,
5809,5808000001,5809000000,0,
5810,5809000001,5810000000,0,
5811,5810000001,5811000000,0,
5812,5811000001,5812000000,0,
5813,5812000001,5813000000,0,
5814,5813000001,5814000000,0,
5815,5814000001,5815000000,0,
5816,5815000001,5816000000,0,
5817,5816000001,5817000000,0,
5818,5817000001,5818000000,0,
5819,5818000001,5819000000,0,
5820,5819000001,5820000000,0,
5821,5820000001,5821000000,0,
5822,5821000001,5822000000,0,
5823,5822000001,5823000000,0,
5824,5823000001,5824000000,0,
5825,5824000001,5825000000,0,
5826,5825000001,5826000000,0,
5827,5826000001,5827000000,0,
5828,5827000001,5828000000,0,
5829,5828000001,5829000000,0,
5830,5829000001,5830000000,0,
5831,5830000001,5831000000,0,
5832,5831000001,5832000000,0,
5833,5832000001,5833000000,0,
5834,5833000001,5834000000,0,
5835,5834000001,5835000000,0,
5836,5835000001,5836000000,0,
5837,5836000001,5837000000,0,
5838,5837000001,5838000000,0,
5839,5838000001,5839000000,0,
5840,5839000001,5840000000,0,
5841,5840000001,5841000000,0,
5842,5841000001,5842000000,0,
5843,5842000001,5843000000,0,
5844,5843000001,5844000000,0,
5845,5844000001,5845000000,0,
5846,5845000001,5846000000,0,
5847,5846000001,5847000000,0,
5848,5847000001,5848000000,0,
5849,5848000001,5849000000,0,
5850,5849000001,5850000000,0,
5851,5850000001,5851000000,0,
5852,5851000001,5852000000,0,
5853,5852000001,5853000000,0,
5854,5853000001,5854000000,0,
5855,5854000001,5855000000,0,
5856,5855000001,5856000000,0,
5857,5856000001,5857000000,0,
5858,5857000001,5858000000,0,
5859,5858000001,5859000000,0,
5860,5859000001,5860000000,0,
5861,5860000001,5861000000,0,
5862,5861000001,5862000000,0,
5863,5862000001,5863000000,0,
5864,5863000001,5864000000,0,
5865,5864000001,5865000000,0,
5866,5865000001,5866000000,0,
5867,5866000001,5867000000,0,
5868,5867000001,5868000000,0,
5869,5868000001,5869000000,0,
5870,5869000001,5870000000,0,
5871,5870000001,5871000000,0,
5872,5871000001,5872000000,0,
5873,5872000001,5873000000,0,
5874,5873000001,5874000000,0,
5875,5874000001,5875000000,0,
5876,5875000001,5876000000,0,
5877,5876000001,5877000000,0,
5878,5877000001,5878000000,0,
5879,5878000001,5879000000,0,
5880,5879000001,5880000000,0,
5881,5880000001,5881000000,0,
5882,5881000001,5882000000,0,
5883,5882000001,5883000000,0,
5884,5883000001,5884000000,0,
5885,5884000001,5885000000,0,
5886,5885000001,5886000000,0,
5887,5886000001,5887000000,0,
5888,5887000001,5888000000,0,
5889,5888000001,5889000000,0,
5890,5889000001,5890000000,0,
5891,5890000001,5891000000,0,
5892,5891000001,5892000000,0,
5893,5892000001,5893000000,0,
5894,5893000001,5894000000,0,
5895,5894000001,5895000000,0,
5896,5895000001,5896000000,0,
5897,5896000001,5897000000,0,
5898,5897000001,5898000000,0,
5899,5898000001,5899000000,0,
5900,5899000001,5900000000,0,
5901,5900000001,5901000000,0,
5902,5901000001,5902000000,0,
5903,5902000001,5903000000,0,
5904,5903000001,5904000000,0,
5905,5904000001,5905000000,0,
5906,5905000001,5906000000,0,
5907,5906000001,5907000000,0,
5908,5907000001,5908000000,0,
5909,5908000001,5909000000,0,
5910,5909000001,5910000000,0,
5911,5910000001,5911000000,0,
5912,5911000001,5912000000,0,
5913,5912000001,5913000000,0,
5914,5913000001,5914000000,0,
5915,5914000001,5915000000,0,
5916,5915000001,5916000000,0,
5917,5916000001,5917000000,0,
5918,5917000001,5918000000,0,
5919,5918000001,5919000000,0,
5920,5919000001,5920000000,0,
5921,5920000001,5921000000,0,
5922,5921000001,5922000000,0,
5923,5922000001,5923000000,0,
5924,5923000001,5924000000,0,
5925,5924000001,5925000000,0,
5926,5925000001,5926000000,0,
5927,5926000001,5927000000,0,
5928,5927000001,5928000000,0,
5929,5928000001,5929000000,0,
5930,5929000001,5930000000,0,
5931,5930000001,5931000000,0,
5932,5931000001,5932000000,0,
5933,5932000001,5933000000,0,
5934,5933000001,5934000000,0,
5935,5934000001,5935000000,0,
5936,5935000001,5936000000,0,
5937,5936000001,5937000000,0,
5938,5937000001,5938000000,0,
5939,5938000001,5939000000,0,
5940,5939000001,5940000000,0,
5941,5940000001,5941000000,0,
5942,5941000001,5942000000,0,
5943,5942000001,5943000000,0,
5944,5943000001,5944000000,0,
5945,5944000001,5945000000,0,
5946,5945000001,5946000000,0,
5947,5946000001,5947000000,0,
5948,5947000001,5948000000,0,
5949,5948000001,5949000000,0,
5950,5949000001,5950000000,0,
5951,5950000001,5951000000,0,
5952,5951000001,5952000000,0,
5953,5952000001,5953000000,0,
5954,5953000001,5954000000,0,
5955,5954000001,5955000000,0,
5956,5955000001,5956000000,0,
5957,5956000001,5957000000,0,
5958,5957000001,5958000000,0,
5959,5958000001,5959000000,0,
5960,5959000001,5960000000,0,
5961,5960000001,5961000000,0,
5962,5961000001,5962000000,0,
5963,5962000001,5963000000,0,
5964,5963000001,5964000000,0,
5965,5964000001,5965000000,0,
5966,5965000001,5966000000,0,
5967,5966000001,5967000000,0,
5968,5967000001,5968000000,0,
5969,5968000001,5969000000,0,
5970,5969000001,5970000000,0,
5971,5970000001,5971000000,0,
5972,5971000001,5972000000,0,
5973,5972000001,5973000000,0,
5974,5973000001,5974000000,0,
5975,5974000001,5975000000,0,
5976,5975000001,5976000000,0,
5977,5976000001,5977000000,0,
5978,5977000001,5978000000,0,
5979,5978000001,5979000000,0,
5980,5979000001,5980000000,0,
5981,5980000001,5981000000,0,
5982,5981000001,5982000000,0,
5983,5982000001,5983000000,0,
5984,5983000001,5984000000,0,
5985,5984000001,5985000000,0,
5986,5985000001,5986000000,0,
5987,5986000001,5987000000,0,
5988,5987000001,5988000000,0,
5989,5988000001,5989000000,0,
5990,5989000001,5990000000,0,
5991,5990000001,5991000000,0,
5992,5991000001,5992000000,0,
5993,5992000001,5993000000,0,
5994,5993000001,5994000000,0,
5995,5994000001,5995000000,0,
5996,5995000001,5996000000,0,
5997,5996000001,5997000000,0,
5998,5997000001,5998000000,0,
5999,5998000001,5999000000,0,
6000,5999000001,6000000000,0,
6001,6000000001,6001000000,0,
6002,6001000001,6002000000,0,
6003,6002000001,6003000000,0,
6004,6003000001,6004000000,0,
6005,6004000001,6005000000,0,
6006,6005000001,6006000000,0,
6007,6006000001,6007000000,0,
6008,6007000001,6008000000,0,
6009,6008000001,6009000000,0,
6010,6009000001,6010000000,0,
6011,6010000001,6011000000,0,
6012,6011000001,6012000000,0,
6013,6012000001,6013000000,0,
6014,6013000001,6014000000,0,
6015,6014000001,6015000000,0,
6016,6015000001,6016000000,0,
6017,6016000001,6017000000,0,
6018,6017000001,6018000000,0,
6019,6018000001,6019000000,0,
6020,6019000001,6020000000,0,
6021,6020000001,6021000000,0,
6022,6021000001,6022000000,0,
6023,6022000001,6023000000,0,
6024,6023000001,6024000000,0,
6025,6024000001,6025000000,0,
6026,6025000001,6026000000,0,
6027,6026000001,6027000000,0,
6028,6027000001,6028000000,0,
6029,6028000001,6029000000,0,
6030,6029000001,6030000000,0,
6031,6030000001,6031000000,0,
6032,6031000001,6032000000,0,
6033,6032000001,6033000000,0,
6034,6033000001,6034000000,0,
6035,6034000001,6035000000,0,
6036,6035000001,6036000000,0,
6037,6036000001,6037000000,0,
6038,6037000001,6038000000,0,
6039,6038000001,6039000000,0,
6040,6039000001,6040000000,0,
6041,6040000001,6041000000,0,
6042,6041000001,6042000000,0,
6043,6042000001,6043000000,0,
6044,6043000001,6044000000,0,
6045,6044000001,6045000000,0,
6046,6045000001,6046000000,0,
6047,6046000001,6047000000,0,
6048,6047000001,6048000000,0,
6049,6048000001,6049000000,0,
6050,6049000001,6050000000,0,
6051,6050000001,6051000000,0,
6052,6051000001,6052000000,0,
6053,6052000001,6053000000,0,
6054,6053000001,6054000000,0,
6055,6054000001,6055000000,0,
6056,6055000001,6056000000,0,
6057,6056000001,6057000000,0,
6058,6057000001,6058000000,0,
6059,6058000001,6059000000,0,
6060,6059000001,6060000000,0,
6061,6060000001,6061000000,0,
6062,6061000001,6062000000,0,
6063,6062000001,6063000000,0,
6064,6063000001,6064000000,0,
6065,6064000001,6065000000,0,
6066,6065000001,6066000000,0,
6067,6066000001,6067000000,0,
6068,6067000001,6068000000,0,
6069,6068000001,6069000000,0,
6070,6069000001,6070000000,0,
6071,6070000001,6071000000,0,
6072,6071000001,6072000000,0,
6073,6072000001,6073000000,0,
6074,6073000001,6074000000,0,
6075,6074000001,6075000000,0,
6076,6075000001,6076000000,0,
6077,6076000001,6077000000,0,
6078,6077000001,6078000000,0,
6079,6078000001,6079000000,0,
6080,6079000001,6080000000,0,
6081,6080000001,6081000000,0,
6082,6081000001,6082000000,0,
6083,6082000001,6083000000,0,
6084,6083000001,6084000000,0,
6085,6084000001,6085000000,0,
6086,6085000001,6086000000,0,
6087,6086000001,6087000000,0,
6088,6087000001,6088000000,0,
6089,6088000001,6089000000,0,
6090,6089000001,6090000000,0,
6091,6090000001,6091000000,0,
6092,6091000001,6092000000,0,
6093,6092000001,6093000000,0,
6094,6093000001,6094000000,0,
6095,6094000001,6095000000,0,
6096,6095000001,6096000000,0,
6097,6096000001,6097000000,0,
6098,6097000001,6098000000,0,
6099,6098000001,6099000000,0,
6100,6099000001,6100000000,0,
6101,6100000001,6101000000,0,
6102,6101000001,6102000000,0,
6103,6102000001,6103000000,0,
6104,6103000001,6104000000,0,
6105,6104000001,6105000000,0,
6106,6105000001,6106000000,0,
6107,6106000001,6107000000,0,
6108,6107000001,6108000000,0,
6109,6108000001,6109000000,0,
6110,6109000001,6110000000,0,
6111,6110000001,6111000000,0,
6112,6111000001,6112000000,0,
6113,6112000001,6113000000,0,
6114,6113000001,6114000000,0,
6115,6114000001,6115000000,0,
6116,6115000001,6116000000,0,
6117,6116000001,6117000000,0,
6118,6117000001,6118000000,0,
6119,6118000001,6119000000,0,
6120,6119000001,6120000000,0,
6121,6120000001,6121000000,0,
6122,6121000001,6122000000,0,
6123,6122000001,6123000000,0,
6124,6123000001,6124000000,0,
6125,6124000001,6125000000,0,
6126,6125000001,6126000000,0,
6127,6126000001,6127000000,0,
6128,6127000001,6128000000,0,
6129,6128000001,6129000000,0,
6130,6129000001,6130000000,0,
6131,6130000001,6131000000,0,
6132,6131000001,6132000000,0,
6133,6132000001,6133000000,0,
6134,6133000001,6134000000,0,
6135,6134000001,6135000000,0,
6136,6135000001,6136000000,0,
6137,6136000001,6137000000,0,
6138,6137000001,6138000000,0,
6139,6138000001,6139000000,0,
6140,6139000001,6140000000,0,
6141,6140000001,6141000000,0,
6142,6141000001,6142000000,0,
6143,6142000001,6143000000,0,
6144,6143000001,6144000000,0,
6145,6144000001,6145000000,0,
6146,6145000001,6146000000,0,
6147,6146000001,6147000000,0,
6148,6147000001,6148000000,0,
6149,6148000001,6149000000,0,
6150,6149000001,6150000000,0,
6151,6150000001,6151000000,0,
6152,6151000001,6152000000,0,
6153,6152000001,6153000000,0,
6154,6153000001,6154000000,0,
6155,6154000001,6155000000,0,
6156,6155000001,6156000000,0,
6157,6156000001,6157000000,0,
6158,6157000001,6158000000,0,
6159,6158000001,6159000000,0,
6160,6159000001,6160000000,0,
6161,6160000001,6161000000,0,
6162,6161000001,6162000000,0,
6163,6162000001,6163000000,0,
6164,6163000001,6164000000,0,
6165,6164000001,6165000000,0,
6166,6165000001,6166000000,0,
6167,6166000001,6167000000,0,
6168,6167000001,6168000000,0,
6169,6168000001,6169000000,0,
6170,6169000001,6170000000,0,
6171,6170000001,6171000000,0,
6172,6171000001,6172000000,0,
6173,6172000001,6173000000,0,
6174,6173000001,6174000000,0,
6175,6174000001,6175000000,0,
6176,6175000001,6176000000,0,
6177,6176000001,6177000000,0,
6178,6177000001,6178000000,0,
6179,6178000001,6179000000,0,
6180,6179000001,6180000000,0,
6181,6180000001,6181000000,0,
6182,6181000001,6182000000,0,
6183,6182000001,6183000000,0,
6184,6183000001,6184000000,0,
6185,6184000001,6185000000,0,
6186,6185000001,6186000000,0,
6187,6186000001,6187000000,0,
6188,6187000001,6188000000,0,
6189,6188000001,6189000000,0,
6190,6189000001,6190000000,0,
6191,6190000001,6191000000,0,
6192,6191000001,6192000000,0,
6193,6192000001,6193000000,0,
6194,6193000001,6194000000,0,
6195,6194000001,6195000000,0,
6196,6195000001,6196000000,0,
6197,6196000001,6197000000,0,
6198,6197000001,6198000000,0,
6199,6198000001,6199000000,0,
6200,6199000001,6200000000,0,
6201,6200000001,6201000000,0,
6202,6201000001,6202000000,0,
6203,6202000001,6203000000,0,
6204,6203000001,6204000000,0,
6205,6204000001,6205000000,0,
6206,6205000001,6206000000,0,
6207,6206000001,6207000000,0,
6208,6207000001,6208000000,0,
6209,6208000001,6209000000,0,
6210,6209000001,6210000000,0,
6211,6210000001,6211000000,0,
6212,6211000001,6212000000,0,
6213,6212000001,6213000000,0,
6214,6213000001,6214000000,0,
6215,6214000001,6215000000,0,
6216,6215000001,6216000000,0,
6217,6216000001,6217000000,0,
6218,6217000001,6218000000,0,
6219,6218000001,6219000000,0,
6220,6219000001,6220000000,0,
6221,6220000001,6221000000,0,
6222,6221000001,6222000000,0,
6223,6222000001,6223000000,0,
6224,6223000001,6224000000,0,
6225,6224000001,6225000000,0,
6226,6225000001,6226000000,0,
6227,6226000001,6227000000,0,
6228,6227000001,6228000000,0,
6229,6228000001,6229000000,0,
6230,6229000001,6230000000,0,
6231,6230000001,6231000000,0,
6232,6231000001,6232000000,0,
6233,6232000001,6233000000,0,
6234,6233000001,6234000000,0,
6235,6234000001,6235000000,0,
6236,6235000001,6236000000,0,
6237,6236000001,6237000000,0,
6238,6237000001,6238000000,0,
6239,6238000001,6239000000,0,
6240,6239000001,6240000000,0,
6241,6240000001,6241000000,0,
6242,6241000001,6242000000,0,
6243,6242000001,6243000000,0,
6244,6243000001,6244000000,0,
6245,6244000001,6245000000,0,
6246,6245000001,6246000000,0,
6247,6246000001,6247000000,0,
6248,6247000001,6248000000,0,
6249,6248000001,6249000000,0,
6250,6249000001,6250000000,0,
6251,6250000001,6251000000,0,
6252,6251000001,6252000000,0,
6253,6252000001,6253000000,0,
6254,6253000001,6254000000,0,
6255,6254000001,6255000000,0,
6256,6255000001,6256000000,0,
6257,6256000001,6257000000,0,
6258,6257000001,6258000000,0,
6259,6258000001,6259000000,0,
6260,6259000001,6260000000,0,
6261,6260000001,6261000000,0,
6262,6261000001,6262000000,0,
6263,6262000001,6263000000,0,
6264,6263000001,6264000000,0,
6265,6264000001,6265000000,0,
6266,6265000001,6266000000,0,
6267,6266000001,6267000000,0,
6268,6267000001,6268000000,0,
6269,6268000001,6269000000,0,
6270,6269000001,6270000000,0,
6271,6270000001,6271000000,0,
6272,6271000001,6272000000,0,
6273,6272000001,6273000000,0,
6274,6273000001,6274000000,0,
6275,6274000001,6275000000,0,
6276,6275000001,6276000000,0,
6277,6276000001,6277000000,0,
6278,6277000001,6278000000,0,
6279,6278000001,6279000000,0,
6280,6279000001,6280000000,0,
6281,6280000001,6281000000,0,
6282,6281000001,6282000000,0,
6283,6282000001,6283000000,0,
6284,6283000001,6284000000,0,
6285,6284000001,6285000000,0,
6286,6285000001,6286000000,0,
6287,6286000001,6287000000,0,
6288,6287000001,6288000000,0,
6289,6288000001,6289000000,0,
6290,6289000001,6290000000,0,
6291,6290000001,6291000000,0,
6292,6291000001,6292000000,0,
6293,6292000001,6293000000,0,
6294,6293000001,6294000000,0,
6295,6294000001,6295000000,0,
6296,6295000001,6296000000,0,
6297,6296000001,6297000000,0,
6298,6297000001,6298000000,0,
6299,6298000001,6299000000,0,
6300,6299000001,6300000000,0,
6301,6300000001,6301000000,0,
6302,6301000001,6302000000,0,
6303,6302000001,6303000000,0,
6304,6303000001,6304000000,0,
6305,6304000001,6305000000,0,
6306,6305000001,6306000000,0,
6307,6306000001,6307000000,0,
6308,6307000001,6308000000,0,
6309,6308000001,6309000000,0,
6310,6309000001,6310000000,0,
6311,6310000001,6311000000,0,
6312,6311000001,6312000000,0,
6313,6312000001,6313000000,0,
6314,6313000001,6314000000,0,
6315,6314000001,6315000000,0,
6316,6315000001,6316000000,0,
6317,6316000001,6317000000,0,
6318,6317000001,6318000000,0,
6319,6318000001,6319000000,0,
6320,6319000001,6320000000,0,
6321,6320000001,6321000000,0,
6322,6321000001,6322000000,0,
6323,6322000001,6323000000,0,
6324,6323000001,6324000000,0,
6325,6324000001,6325000000,0,
6326,6325000001,6326000000,0,
6327,6326000001,6327000000,0,
6328,6327000001,6328000000,0,
6329,6328000001,6329000000,0,
6330,6329000001,6330000000,0,
6331,6330000001,6331000000,0,
6332,6331000001,6332000000,0,
6333,6332000001,6333000000,0,
6334,6333000001,6334000000,0,
6335,6334000001,6335000000,0,
6336,6335000001,6336000000,0,
6337,6336000001,6337000000,0,
6338,6337000001,6338000000,0,
6339,6338000001,6339000000,0,
6340,6339000001,6340000000,0,
6341,6340000001,6341000000,0,
6342,6341000001,6342000000,0,
6343,6342000001,6343000000,0,
6344,6343000001,6344000000,0,
6345,6344000001,6345000000,0,
6346,6345000001,6346000000,0,
6347,6346000001,6347000000,0,
6348,6347000001,6348000000,0,
6349,6348000001,6349000000,0,
6350,6349000001,6350000000,0,
6351,6350000001,6351000000,0,
6352,6351000001,6352000000,0,
6353,6352000001,6353000000,0,
6354,6353000001,6354000000,0,
6355,6354000001,6355000000,0,
6356,6355000001,6356000000,0,
6357,6356000001,6357000000,0,
6358,6357000001,6358000000,0,
6359,6358000001,6359000000,0,
6360,6359000001,6360000000,0,
6361,6360000001,6361000000,0,
6362,6361000001,6362000000,0,
6363,6362000001,6363000000,0,
6364,6363000001,6364000000,0,
6365,6364000001,6365000000,0,
6366,6365000001,6366000000,0,
6367,6366000001,6367000000,0,
6368,6367000001,6368000000,0,
6369,6368000001,6369000000,0,
6370,6369000001,6370000000,0,
6371,6370000001,6371000000,0,
6372,6371000001,6372000000,0,
6373,6372000001,6373000000,0,
6374,6373000001,6374000000,0,
6375,6374000001,6375000000,0,
6376,6375000001,6376000000,0,
6377,6376000001,6377000000,0,
6378,6377000001,6378000000,0,
6379,6378000001,6379000000,0,
6380,6379000001,6380000000,0,
6381,6380000001,6381000000,0,
6382,6381000001,6382000000,0,
6383,6382000001,6383000000,0,
6384,6383000001,6384000000,0,
6385,6384000001,6385000000,0,
6386,6385000001,6386000000,0,
6387,6386000001,6387000000,0,
6388,6387000001,6388000000,0,
6389,6388000001,6389000000,0,
6390,6389000001,6390000000,0,
6391,6390000001,6391000000,0,
6392,6391000001,6392000000,0,
6393,6392000001,6393000000,0,
6394,6393000001,6394000000,0,
6395,6394000001,6395000000,0,
6396,6395000001,6396000000,0,
6397,6396000001,6397000000,0,
6398,6397000001,6398000000,0,
6399,6398000001,6399000000,0,
6400,6399000001,6400000000,0,
6401,6400000001,6401000000,0,
6402,6401000001,6402000000,0,
6403,6402000001,6403000000,0,
6404,6403000001,6404000000,0,
6405,6404000001,6405000000,0,
6406,6405000001,6406000000,0,
6407,6406000001,6407000000,0,
6408,6407000001,6408000000,0,
6409,6408000001,6409000000,0,
6410,6409000001,6410000000,0,
6411,6410000001,6411000000,0,
6412,6411000001,6412000000,0,
6413,6412000001,6413000000,0,
6414,6413000001,6414000000,0,
6415,6414000001,6415000000,0,
6416,6415000001,6416000000,0,
6417,6416000001,6417000000,0,
6418,6417000001,6418000000,0,
6419,6418000001,6419000000,0,
6420,6419000001,6420000000,0,
6421,6420000001,6421000000,0,
6422,6421000001,6422000000,0,
6423,6422000001,6423000000,0,
6424,6423000001,6424000000,0,
6425,6424000001,6425000000,0,
6426,6425000001,6426000000,0,
6427,6426000001,6427000000,0,
6428,6427000001,6428000000,0,
6429,6428000001,6429000000,0,
6430,6429000001,6430000000,0,
6431,6430000001,6431000000,0,
6432,6431000001,6432000000,0,
6433,6432000001,6433000000,0,
6434,6433000001,6434000000,0,
6435,6434000001,6435000000,0,
6436,6435000001,6436000000,0,
6437,6436000001,6437000000,0,
6438,6437000001,6438000000,0,
6439,6438000001,6439000000,0,
6440,6439000001,6440000000,0,
6441,6440000001,6441000000,0,
6442,6441000001,6442000000,0,
6443,6442000001,6443000000,0,
6444,6443000001,6444000000,0,
6445,6444000001,6445000000,0,
6446,6445000001,6446000000,0,
6447,6446000001,6447000000,0,
6448,6447000001,6448000000,0,
6449,6448000001,6449000000,0,
6450,6449000001,6450000000,0,
6451,6450000001,6451000000,0,
6452,6451000001,6452000000,0,
6453,6452000001,6453000000,0,
6454,6453000001,6454000000,0,
6455,6454000001,6455000000,0,
6456,6455000001,6456000000,0,
6457,6456000001,6457000000,0,
6458,6457000001,6458000000,0,
6459,6458000001,6459000000,0,
6460,6459000001,6460000000,0,
6461,6460000001,6461000000,0,
6462,6461000001,6462000000,0,
6463,6462000001,6463000000,0,
6464,6463000001,6464000000,0,
6465,6464000001,6465000000,0,
6466,6465000001,6466000000,0,
6467,6466000001,6467000000,0,
6468,6467000001,6468000000,0,
6469,6468000001,6469000000,0,
6470,6469000001,6470000000,0,
6471,6470000001,6471000000,0,
6472,6471000001,6472000000,0,
6473,6472000001,6473000000,0,
6474,6473000001,6474000000,0,
6475,6474000001,6475000000,0,
6476,6475000001,6476000000,0,
6477,6476000001,6477000000,0,
6478,6477000001,6478000000,0,
6479,6478000001,6479000000,0,
6480,6479000001,6480000000,0,
6481,6480000001,6481000000,0,
6482,6481000001,6482000000,0,
6483,6482000001,6483000000,0,
6484,6483000001,6484000000,0,
6485,6484000001,6485000000,0,
6486,6485000001,6486000000,0,
6487,6486000001,6487000000,0,
6488,6487000001,6488000000,0,
6489,6488000001,6489000000,0,
6490,6489000001,6490000000,0,
6491,6490000001,6491000000,0,
6492,6491000001,6492000000,0,
6493,6492000001,6493000000,0,
6494,6493000001,6494000000,0,
6495,6494000001,6495000000,0,
6496,6495000001,6496000000,0,
6497,6496000001,6497000000,0,
6498,6497000001,6498000000,0,
6499,6498000001,6499000000,0,
6500,6499000001,6500000000,0,
6501,6500000001,6501000000,0,
6502,6501000001,6502000000,0,
6503,6502000001,6503000000,0,
6504,6503000001,6504000000,0,
6505,6504000001,6505000000,0,
6506,6505000001,6506000000,0,
6507,6506000001,6507000000,0,
6508,6507000001,6508000000,0,
6509,6508000001,6509000000,0,
6510,6509000001,6510000000,0,
6511,6510000001,6511000000,0,
6512,6511000001,6512000000,0,
6513,6512000001,6513000000,0,
6514,6513000001,6514000000,0,
6515,6514000001,6515000000,0,
6516,6515000001,6516000000,0,
6517,6516000001,6517000000,0,
6518,6517000001,6518000000,0,
6519,6518000001,6519000000,0,
6520,6519000001,6520000000,0,
6521,6520000001,6521000000,0,
6522,6521000001,6522000000,0,
6523,6522000001,6523000000,0,
6524,6523000001,6524000000,0,
6525,6524000001,6525000000,0,
6526,6525000001,6526000000,0,
6527,6526000001,6527000000,0,
6528,6527000001,6528000000,0,
6529,6528000001,6529000000,0,
6530,6529000001,6530000000,0,
6531,6530000001,6531000000,0,
6532,6531000001,6532000000,0,
6533,6532000001,6533000000,0,
6534,6533000001,6534000000,0,
6535,6534000001,6535000000,0,
6536,6535000001,6536000000,0,
6537,6536000001,6537000000,0,
6538,6537000001,6538000000,0,
6539,6538000001,6539000000,0,
6540,6539000001,6540000000,0,
6541,6540000001,6541000000,0,
6542,6541000001,6542000000,0,
6543,6542000001,6543000000,0,
6544,6543000001,6544000000,0,
6545,6544000001,6545000000,0,
6546,6545000001,6546000000,0,
6547,6546000001,6547000000,0,
6548,6547000001,6548000000,0,
6549,6548000001,6549000000,0,
6550,6549000001,6550000000,0,
6551,6550000001,6551000000,0,
6552,6551000001,6552000000,0,
6553,6552000001,6553000000,0,
6554,6553000001,6554000000,0,
6555,6554000001,6555000000,0,
6556,6555000001,6556000000,0,
6557,6556000001,6557000000,0,
6558,6557000001,6558000000,0,
6559,6558000001,6559000000,0,
6560,6559000001,6560000000,0,
6561,6560000001,6561000000,0,
6562,6561000001,6562000000,0,
6563,6562000001,6563000000,0,
6564,6563000001,6564000000,0,
6565,6564000001,6565000000,0,
6566,6565000001,6566000000,0,
6567,6566000001,6567000000,0,
6568,6567000001,6568000000,0,
6569,6568000001,6569000000,0,
6570,6569000001,6570000000,0,
6571,6570000001,6571000000,0,
6572,6571000001,6572000000,0,
6573,6572000001,6573000000,0,
6574,6573000001,6574000000,0,
6575,6574000001,6575000000,0,
6576,6575000001,6576000000,0,
6577,6576000001,6577000000,0,
6578,6577000001,6578000000,0,
6579,6578000001,6579000000,0,
6580,6579000001,6580000000,0,
6581,6580000001,6581000000,0,
6582,6581000001,6582000000,0,
6583,6582000001,6583000000,0,
6584,6583000001,6584000000,0,
6585,6584000001,6585000000,0,
6586,6585000001,6586000000,0,
6587,6586000001,6587000000,0,
6588,6587000001,6588000000,0,
6589,6588000001,6589000000,0,
6590,6589000001,6590000000,0,
6591,6590000001,6591000000,0,
6592,6591000001,6592000000,0,
6593,6592000001,6593000000,0,
6594,6593000001,6594000000,0,
6595,6594000001,6595000000,0,
6596,6595000001,6596000000,0,
6597,6596000001,6597000000,0,
6598,6597000001,6598000000,0,
6599,6598000001,6599000000,0,
6600,6599000001,6600000000,0,
6601,6600000001,6601000000,0,
6602,6601000001,6602000000,0,
6603,6602000001,6603000000,0,
6604,6603000001,6604000000,0,
6605,6604000001,6605000000,0,
6606,6605000001,6606000000,0,
6607,6606000001,6607000000,0,
6608,6607000001,6608000000,0,
6609,6608000001,6609000000,0,
6610,6609000001,6610000000,0,
6611,6610000001,6611000000,0,
6612,6611000001,6612000000,0,
6613,6612000001,6613000000,0,
6614,6613000001,6614000000,0,
6615,6614000001,6615000000,0,
6616,6615000001,6616000000,0,
6617,6616000001,6617000000,0,
6618,6617000001,6618000000,0,
6619,6618000001,6619000000,0,
6620,6619000001,6620000000,0,
6621,6620000001,6621000000,0,
6622,6621000001,6622000000,0,
6623,6622000001,6623000000,0,
6624,6623000001,6624000000,0,
6625,6624000001,6625000000,0,
6626,6625000001,6626000000,0,
6627,6626000001,6627000000,0,
6628,6627000001,6628000000,0,
6629,6628000001,6629000000,0,
6630,6629000001,6630000000,0,
6631,6630000001,6631000000,0,
6632,6631000001,6632000000,0,
6633,6632000001,6633000000,0,
6634,6633000001,6634000000,0,
6635,6634000001,6635000000,0,
6636,6635000001,6636000000,0,
6637,6636000001,6637000000,0,
6638,6637000001,6638000000,0,
6639,6638000001,6639000000,0,
6640,6639000001,6640000000,0,
6641,6640000001,6641000000,0,
6642,6641000001,6642000000,0,
6643,6642000001,6643000000,0,
6644,6643000001,6644000000,0,
6645,6644000001,6645000000,0,
6646,6645000001,6646000000,0,
6647,6646000001,6647000000,0,
6648,6647000001,6648000000,0,
6649,6648000001,6649000000,0,
6650,6649000001,6650000000,0,
6651,6650000001,6651000000,0,
6652,6651000001,6652000000,0,
6653,6652000001,6653000000,0,
6654,6653000001,6654000000,0,
6655,6654000001,6655000000,0,
6656,6655000001,6656000000,0,
6657,6656000001,6657000000,0,
6658,6657000001,6658000000,0,
6659,6658000001,6659000000,0,
6660,6659000001,6660000000,0,
6661,6660000001,6661000000,0,
6662,6661000001,6662000000,0,
6663,6662000001,6663000000,0,
6664,6663000001,6664000000,0,
6665,6664000001,6665000000,0,
6666,6665000001,6666000000,0,
6667,6666000001,6667000000,0,
6668,6667000001,6668000000,0,
6669,6668000001,6669000000,0,
6670,6669000001,6670000000,0,
6671,6670000001,6671000000,0,
6672,6671000001,6672000000,0,
6673,6672000001,6673000000,0,
6674,6673000001,6674000000,0,
6675,6674000001,6675000000,0,
6676,6675000001,6676000000,0,
6677,6676000001,6677000000,0,
6678,6677000001,6678000000,0,
6679,6678000001,6679000000,0,
6680,6679000001,6680000000,0,
6681,6680000001,6681000000,0,
6682,6681000001,6682000000,0,
6683,6682000001,6683000000,0,
6684,6683000001,6684000000,0,
6685,6684000001,6685000000,0,
6686,6685000001,6686000000,0,
6687,6686000001,6687000000,0,
6688,6687000001,6688000000,0,
6689,6688000001,6689000000,0,
6690,6689000001,6690000000,0,
6691,6690000001,6691000000,0,
6692,6691000001,6692000000,0,
6693,6692000001,6693000000,0,
6694,6693000001,6694000000,0,
6695,6694000001,6695000000,0,
6696,6695000001,6696000000,0,
6697,6696000001,6697000000,0,
6698,6697000001,6698000000,0,
6699,6698000001,6699000000,0,
6700,6699000001,6700000000,0,
6701,6700000001,6701000000,0,
6702,6701000001,6702000000,0,
6703,6702000001,6703000000,0,
6704,6703000001,6704000000,0,
6705,6704000001,6705000000,0,
6706,6705000001,6706000000,0,
6707,6706000001,6707000000,0,
6708,6707000001,6708000000,0,
6709,6708000001,6709000000,0,
6710,6709000001,6710000000,0,
6711,6710000001,6711000000,0,
6712,6711000001,6712000000,0,
6713,6712000001,6713000000,0,
6714,6713000001,6714000000,0,
6715,6714000001,6715000000,0,
6716,6715000001,6716000000,0,
6717,6716000001,6717000000,0,
6718,6717000001,6718000000,0,
6719,6718000001,6719000000,0,
6720,6719000001,6720000000,0,
6721,6720000001,6721000000,0,
6722,6721000001,6722000000,0,
6723,6722000001,6723000000,0,
6724,6723000001,6724000000,0,
6725,6724000001,6725000000,0,
6726,6725000001,6726000000,0,
6727,6726000001,6727000000,0,
6728,6727000001,6728000000,0,
6729,6728000001,6729000000,0,
6730,6729000001,6730000000,0,
6731,6730000001,6731000000,0,
6732,6731000001,6732000000,0,
6733,6732000001,6733000000,0,
6734,6733000001,6734000000,0,
6735,6734000001,6735000000,0,
6736,6735000001,6736000000,0,
6737,6736000001,6737000000,0,
6738,6737000001,6738000000,0,
6739,6738000001,6739000000,0,
6740,6739000001,6740000000,0,
6741,6740000001,6741000000,0,
6742,6741000001,6742000000,0,
6743,6742000001,6743000000,0,
6744,6743000001,6744000000,0,
6745,6744000001,6745000000,0,
6746,6745000001,6746000000,0,
6747,6746000001,6747000000,0,
6748,6747000001,6748000000,0,
6749,6748000001,6749000000,0,
6750,6749000001,6750000000,0,
6751,6750000001,6751000000,0,
6752,6751000001,6752000000,0,
6753,6752000001,6753000000,0,
6754,6753000001,6754000000,0,
6755,6754000001,6755000000,0,
6756,6755000001,6756000000,0,
6757,6756000001,6757000000,0,
6758,6757000001,6758000000,0,
6759,6758000001,6759000000,0,
6760,6759000001,6760000000,0,
6761,6760000001,6761000000,0,
6762,6761000001,6762000000,0,
6763,6762000001,6763000000,0,
6764,6763000001,6764000000,0,
6765,6764000001,6765000000,0,
6766,6765000001,6766000000,0,
6767,6766000001,6767000000,0,
6768,6767000001,6768000000,0,
6769,6768000001,6769000000,0,
6770,6769000001,6770000000,0,
6771,6770000001,6771000000,0,
6772,6771000001,6772000000,0,
6773,6772000001,6773000000,0,
6774,6773000001,6774000000,0,
6775,6774000001,6775000000,0,
6776,6775000001,6776000000,0,
6777,6776000001,6777000000,0,
6778,6777000001,6778000000,0,
6779,6778000001,6779000000,0,
6780,6779000001,6780000000,0,
6781,6780000001,6781000000,0,
6782,6781000001,6782000000,0,
6783,6782000001,6783000000,0,
6784,6783000001,6784000000,0,
6785,6784000001,6785000000,0,
6786,6785000001,6786000000,0,
6787,6786000001,6787000000,0,
6788,6787000001,6788000000,0,
6789,6788000001,6789000000,0,
6790,6789000001,6790000000,0,
6791,6790000001,6791000000,0,
6792,6791000001,6792000000,0,
6793,6792000001,6793000000,0,
6794,6793000001,6794000000,0,
6795,6794000001,6795000000,0,
6796,6795000001,6796000000,0,
6797,6796000001,6797000000,0,
6798,6797000001,6798000000,0,
6799,6798000001,6799000000,0,
6800,6799000001,6800000000,0,
6801,6800000001,6801000000,0,
6802,6801000001,6802000000,0,
6803,6802000001,6803000000,0,
6804,6803000001,6804000000,0,
6805,6804000001,6805000000,0,
6806,6805000001,6806000000,0,
6807,6806000001,6807000000,0,
6808,6807000001,6808000000,0,
6809,6808000001,6809000000,0,
6810,6809000001,6810000000,0,
6811,6810000001,6811000000,0,
6812,6811000001,6812000000,0,
6813,6812000001,6813000000,0,
6814,6813000001,6814000000,0,
6815,6814000001,6815000000,0,
6816,6815000001,6816000000,0,
6817,6816000001,6817000000,0,
6818,6817000001,6818000000,0,
6819,6818000001,6819000000,0,
6820,6819000001,6820000000,0,
6821,6820000001,6821000000,0,
6822,6821000001,6822000000,0,
6823,6822000001,6823000000,0,
6824,6823000001,6824000000,0,
6825,6824000001,6825000000,0,
6826,6825000001,6826000000,0,
6827,6826000001,6827000000,0,
6828,6827000001,6828000000,0,
6829,6828000001,6829000000,0,
6830,6829000001,6830000000,0,
6831,6830000001,6831000000,0,
6832,6831000001,6832000000,0,
6833,6832000001,6833000000,0,
6834,6833000001,6834000000,0,
6835,6834000001,6835000000,0,
6836,6835000001,6836000000,0,
6837,6836000001,6837000000,0,
6838,6837000001,6838000000,0,
6839,6838000001,6839000000,0,
6840,6839000001,6840000000,0,
6841,6840000001,6841000000,0,
6842,6841000001,6842000000,0,
6843,6842000001,6843000000,0,
6844,6843000001,6844000000,0,
6845,6844000001,6845000000,0,
6846,6845000001,6846000000,0,
6847,6846000001,6847000000,0,
6848,6847000001,6848000000,0,
6849,6848000001,6849000000,0,
6850,6849000001,6850000000,0,
6851,6850000001,6851000000,0,
6852,6851000001,6852000000,0,
6853,6852000001,6853000000,0,
6854,6853000001,6854000000,0,
6855,6854000001,6855000000,0,
6856,6855000001,6856000000,0,
6857,6856000001,6857000000,0,
6858,6857000001,6858000000,0,
6859,6858000001,6859000000,0,
6860,6859000001,6860000000,0,
6861,6860000001,6861000000,0,
6862,6861000001,6862000000,0,
6863,6862000001,6863000000,0,
6864,6863000001,6864000000,0,
6865,6864000001,6865000000,0,
6866,6865000001,6866000000,0,
6867,6866000001,6867000000,0,
6868,6867000001,6868000000,0,
6869,6868000001,6869000000,0,
6870,6869000001,6870000000,0,
6871,6870000001,6871000000,0,
6872,6871000001,6872000000,0,
6873,6872000001,6873000000,0,
6874,6873000001,6874000000,0,
6875,6874000001,6875000000,0,
6876,6875000001,6876000000,0,
6877,6876000001,6877000000,0,
6878,6877000001,6878000000,0,
6879,6878000001,6879000000,0,
6880,6879000001,6880000000,0,
6881,6880000001,6881000000,0,
6882,6881000001,6882000000,0,
6883,6882000001,6883000000,0,
6884,6883000001,6884000000,0,
6885,6884000001,6885000000,0,
6886,6885000001,6886000000,0,
6887,6886000001,6887000000,0,
6888,6887000001,6888000000,0,
6889,6888000001,6889000000,0,
6890,6889000001,6890000000,0,
6891,6890000001,6891000000,0,
6892,6891000001,6892000000,0,
6893,6892000001,6893000000,0,
6894,6893000001,6894000000,0,
6895,6894000001,6895000000,0,
6896,6895000001,6896000000,0,
6897,6896000001,6897000000,0,
6898,6897000001,6898000000,0,
6899,6898000001,6899000000,0,
6900,6899000001,6900000000,0,
6901,6900000001,6901000000,0,
6902,6901000001,6902000000,0,
6903,6902000001,6903000000,0,
6904,6903000001,6904000000,0,
6905,6904000001,6905000000,0,
6906,6905000001,6906000000,0,
6907,6906000001,6907000000,0,
6908,6907000001,6908000000,0,
6909,6908000001,6909000000,0,
6910,6909000001,6910000000,0,
6911,6910000001,6911000000,0,
6912,6911000001,6912000000,0,
6913,6912000001,6913000000,0,
6914,6913000001,6914000000,0,
6915,6914000001,6915000000,0,
6916,6915000001,6916000000,0,
6917,6916000001,6917000000,0,
6918,6917000001,6918000000,0,
6919,6918000001,6919000000,0,
6920,6919000001,6920000000,0,
6921,6920000001,6921000000,0,
6922,6921000001,6922000000,0,
6923,6922000001,6923000000,0,
6924,6923000001,6924000000,0,
6925,6924000001,6925000000,0,
6926,6925000001,6926000000,0,
6927,6926000001,6927000000,0,
6928,6927000001,6928000000,0,
6929,6928000001,6929000000,0,
6930,6929000001,6930000000,0,
6931,6930000001,6931000000,0,
6932,6931000001,6932000000,0,
6933,6932000001,6933000000,0,
6934,6933000001,6934000000,0,
6935,6934000001,6935000000,0,
6936,6935000001,6936000000,0,
6937,6936000001,6937000000,0,
6938,6937000001,6938000000,0,
6939,6938000001,6939000000,0,
6940,6939000001,6940000000,0,
6941,6940000001,6941000000,0,
6942,6941000001,6942000000,0,
6943,6942000001,6943000000,0,
6944,6943000001,6944000000,0,
6945,6944000001,6945000000,0,
6946,6945000001,6946000000,0,
6947,6946000001,6947000000,0,
6948,6947000001,6948000000,0,
6949,6948000001,6949000000,0,
6950,6949000001,6950000000,0,
6951,6950000001,6951000000,0,
6952,6951000001,6952000000,0,
6953,6952000001,6953000000,0,
6954,6953000001,6954000000,0,
6955,6954000001,6955000000,0,
6956,6955000001,6956000000,0,
6957,6956000001,6957000000,0,
6958,6957000001,6958000000,0,
6959,6958000001,6959000000,0,
6960,6959000001,6960000000,0,
6961,6960000001,6961000000,0,
6962,6961000001,6962000000,0,
6963,6962000001,6963000000,0,
6964,6963000001,6964000000,0,
6965,6964000001,6965000000,0,
6966,6965000001,6966000000,0,
6967,6966000001,6967000000,0,
6968,6967000001,6968000000,0,
6969,6968000001,6969000000,0,
6970,6969000001,6970000000,0,
6971,6970000001,6971000000,0,
6972,6971000001,6972000000,0,
6973,6972000001,6973000000,0,
6974,6973000001,6974000000,0,
6975,6974000001,6975000000,0,
6976,6975000001,6976000000,0,
6977,6976000001,6977000000,0,
6978,6977000001,6978000000,0,
6979,6978000001,6979000000,0,
6980,6979000001,6980000000,0,
6981,6980000001,6981000000,0,
6982,6981000001,6982000000,0,
6983,6982000001,6983000000,0,
6984,6983000001,6984000000,0,
6985,6984000001,6985000000,0,
6986,6985000001,6986000000,0,
6987,6986000001,6987000000,0,
6988,6987000001,6988000000,0,
6989,6988000001,6989000000,0,
6990,6989000001,6990000000,0,
6991,6990000001,6991000000,0,
6992,6991000001,6992000000,0,
6993,6992000001,6993000000,0,
6994,6993000001,6994000000,0,
6995,6994000001,6995000000,0,
6996,6995000001,6996000000,0,
6997,6996000001,6997000000,0,
6998,6997000001,6998000000,0,
6999,6998000001,6999000000,0,
7000,6999000001,7000000000,0,
7001,7000000001,7001000000,0,
7002,7001000001,7002000000,0,
7003,7002000001,7003000000,0,
7004,7003000001,7004000000,0,
7005,7004000001,7005000000,0,
7006,7005000001,7006000000,0,
7007,7006000001,7007000000,0,
7008,7007000001,7008000000,0,
7009,7008000001,7009000000,0,
7010,7009000001,7010000000,0,
7011,7010000001,7011000000,0,
7012,7011000001,7012000000,0,
7013,7012000001,7013000000,0,
7014,7013000001,7014000000,0,
7015,7014000001,7015000000,0,
7016,7015000001,7016000000,0,
7017,7016000001,7017000000,0,
7018,7017000001,7018000000,0,
7019,7018000001,7019000000,0,
7020,7019000001,7020000000,0,
7021,7020000001,7021000000,0,
7022,7021000001,7022000000,0,
7023,7022000001,7023000000,0,
7024,7023000001,7024000000,0,
7025,7024000001,7025000000,0,
7026,7025000001,7026000000,0,
7027,7026000001,7027000000,0,
7028,7027000001,7028000000,0,
7029,7028000001,7029000000,0,
7030,7029000001,7030000000,0,
7031,7030000001,7031000000,0,
7032,7031000001,7032000000,0,
7033,7032000001,7033000000,0,
7034,7033000001,7034000000,0,
7035,7034000001,7035000000,0,
7036,7035000001,7036000000,0,
7037,7036000001,7037000000,0,
7038,7037000001,7038000000,0,
7039,7038000001,7039000000,0,
7040,7039000001,7040000000,0,
7041,7040000001,7041000000,0,
7042,7041000001,7042000000,0,
7043,7042000001,7043000000,0,
7044,7043000001,7044000000,0,
7045,7044000001,7045000000,0,
7046,7045000001,7046000000,0,
7047,7046000001,7047000000,0,
7048,7047000001,7048000000,0,
7049,7048000001,7049000000,0,
7050,7049000001,7050000000,0,
7051,7050000001,7051000000,0,
7052,7051000001,7052000000,0,
7053,7052000001,7053000000,0,
7054,7053000001,7054000000,0,
7055,7054000001,7055000000,0,
7056,7055000001,7056000000,0,
7057,7056000001,7057000000,0,
7058,7057000001,7058000000,0,
7059,7058000001,7059000000,0,
7060,7059000001,7060000000,0,
7061,7060000001,7061000000,0,
7062,7061000001,7062000000,0,
7063,7062000001,7063000000,0,
7064,7063000001,7064000000,0,
7065,7064000001,7065000000,0,
7066,7065000001,7066000000,0,
7067,7066000001,7067000000,0,
7068,7067000001,7068000000,0,
7069,7068000001,7069000000,0,
7070,7069000001,7070000000,0,
7071,7070000001,7071000000,0,
7072,7071000001,7072000000,0,
7073,7072000001,7073000000,0,
7074,7073000001,7074000000,0,
7075,7074000001,7075000000,0,
7076,7075000001,7076000000,0,
7077,7076000001,7077000000,0,
7078,7077000001,7078000000,0,
7079,7078000001,7079000000,0,
7080,7079000001,7080000000,0,
7081,7080000001,7081000000,0,
7082,7081000001,7082000000,0,
7083,7082000001,7083000000,0,
7084,7083000001,7084000000,0,
7085,7084000001,7085000000,0,
7086,7085000001,7086000000,0,
7087,7086000001,7087000000,0,
7088,7087000001,7088000000,0,
7089,7088000001,7089000000,0,
7090,7089000001,7090000000,0,
7091,7090000001,7091000000,0,
7092,7091000001,7092000000,0,
7093,7092000001,7093000000,0,
7094,7093000001,7094000000,0,
7095,7094000001,7095000000,0,
7096,7095000001,7096000000,0,
7097,7096000001,7097000000,0,
7098,7097000001,7098000000,0,
7099,7098000001,7099000000,0,
7100,7099000001,7100000000,0,
7101,7100000001,7101000000,0,
7102,7101000001,7102000000,0,
7103,7102000001,7103000000,0,
7104,7103000001,7104000000,0,
7105,7104000001,7105000000,0,
7106,7105000001,7106000000,0,
7107,7106000001,7107000000,0,
7108,7107000001,7108000000,0,
7109,7108000001,7109000000,0,
7110,7109000001,7110000000,0,
7111,7110000001,7111000000,0,
7112,7111000001,7112000000,0,
7113,7112000001,7113000000,0,
7114,7113000001,7114000000,0,
7115,7114000001,7115000000,0,
7116,7115000001,7116000000,0,
7117,7116000001,7117000000,0,
7118,7117000001,7118000000,0,
7119,7118000001,7119000000,0,
7120,7119000001,7120000000,0,
7121,7120000001,7121000000,0,
7122,7121000001,7122000000,0,
7123,7122000001,7123000000,0,
7124,7123000001,7124000000,0,
7125,7124000001,7125000000,0,
7126,7125000001,7126000000,0,
7127,7126000001,7127000000,0,
7128,7127000001,7128000000,0,
7129,7128000001,7129000000,0,
7130,7129000001,7130000000,0,
7131,7130000001,7131000000,0,
7132,7131000001,7132000000,0,
7133,7132000001,7133000000,0,
7134,7133000001,7134000000,0,
7135,7134000001,7135000000,0,
7136,7135000001,7136000000,0,
7137,7136000001,7137000000,0,
7138,7137000001,7138000000,0,
7139,7138000001,7139000000,0,
7140,7139000001,7140000000,0,
7141,7140000001,7141000000,0,
7142,7141000001,7142000000,0,
7143,7142000001,7143000000,0,
7144,7143000001,7144000000,0,
7145,7144000001,7145000000,0,
7146,7145000001,7146000000,0,
7147,7146000001,7147000000,0,
7148,7147000001,7148000000,0,
7149,7148000001,7149000000,0,
7150,7149000001,7150000000,0,
7151,7150000001,7151000000,0,
7152,7151000001,7152000000,0,
7153,7152000001,7153000000,0,
7154,7153000001,7154000000,0,
7155,7154000001,7155000000,0,
7156,7155000001,7156000000,0,
7157,7156000001,7157000000,0,
7158,7157000001,7158000000,0,
7159,7158000001,7159000000,0,
7160,7159000001,7160000000,0,
7161,7160000001,7161000000,0,
7162,7161000001,7162000000,0,
7163,7162000001,7163000000,0,
7164,7163000001,7164000000,0,
7165,7164000001,7165000000,0,
7166,7165000001,7166000000,0,
7167,7166000001,7167000000,0,
7168,7167000001,7168000000,0,
7169,7168000001,7169000000,0,
7170,7169000001,7170000000,0,
7171,7170000001,7171000000,0,
7172,7171000001,7172000000,0,
7173,7172000001,7173000000,0,
7174,7173000001,7174000000,0,
7175,7174000001,7175000000,0,
7176,7175000001,7176000000,0,
7177,7176000001,7177000000,0,
7178,7177000001,7178000000,0,
7179,7178000001,7179000000,0,
7180,7179000001,7180000000,0,
7181,7180000001,7181000000,0,
7182,7181000001,7182000000,0,
7183,7182000001,7183000000,0,
7184,7183000001,7184000000,0,
7185,7184000001,7185000000,0,
7186,7185000001,7186000000,0,
7187,7186000001,7187000000,0,
7188,7187000001,7188000000,0,
7189,7188000001,7189000000,0,
7190,7189000001,7190000000,0,
7191,7190000001,7191000000,0,
7192,7191000001,7192000000,0,
7193,7192000001,7193000000,0,
7194,7193000001,7194000000,0,
7195,7194000001,7195000000,0,
7196,7195000001,7196000000,0,
7197,7196000001,7197000000,0,
7198,7197000001,7198000000,0,
7199,7198000001,7199000000,0,
7200,7199000001,7200000000,0,
7201,7200000001,7201000000,0,
7202,7201000001,7202000000,0,
7203,7202000001,7203000000,0,
7204,7203000001,7204000000,0,
7205,7204000001,7205000000,0,
7206,7205000001,7206000000,0,
7207,7206000001,7207000000,0,
7208,7207000001,7208000000,0,
7209,7208000001,7209000000,0,
7210,7209000001,7210000000,0,
7211,7210000001,7211000000,0,
7212,7211000001,7212000000,0,
7213,7212000001,7213000000,0,
7214,7213000001,7214000000,0,
7215,7214000001,7215000000,0,
7216,7215000001,7216000000,0,
7217,7216000001,7217000000,0,
7218,7217000001,7218000000,0,
7219,7218000001,7219000000,0,
7220,7219000001,7220000000,0,
7221,7220000001,7221000000,0,
7222,7221000001,7222000000,0,
7223,7222000001,7223000000,0,
7224,7223000001,7224000000,0,
7225,7224000001,7225000000,0,
7226,7225000001,7226000000,0,
7227,7226000001,7227000000,0,
7228,7227000001,7228000000,0,
7229,7228000001,7229000000,0,
7230,7229000001,7230000000,0,
7231,7230000001,7231000000,0,
7232,7231000001,7232000000,0,
7233,7232000001,7233000000,0,
7234,7233000001,7234000000,0,
7235,7234000001,7235000000,0,
7236,7235000001,7236000000,0,
7237,7236000001,7237000000,0,
7238,7237000001,7238000000,0,
7239,7238000001,7239000000,0,
7240,7239000001,7240000000,0,
7241,7240000001,7241000000,0,
7242,7241000001,7242000000,0,
7243,7242000001,7243000000,0,
7244,7243000001,7244000000,0,
7245,7244000001,7245000000,0,
7246,7245000001,7246000000,0,
7247,7246000001,7247000000,0,
7248,7247000001,7248000000,0,
7249,7248000001,7249000000,0,
7250,7249000001,7250000000,0,
7251,7250000001,7251000000,0,
7252,7251000001,7252000000,0,
7253,7252000001,7253000000,0,
7254,7253000001,7254000000,0,
7255,7254000001,7255000000,0,
7256,7255000001,7256000000,0,
7257,7256000001,7257000000,0,
7258,7257000001,7258000000,0,
7259,7258000001,7259000000,0,
7260,7259000001,7260000000,0,
7261,7260000001,7261000000,0,
7262,7261000001,7262000000,0,
7263,7262000001,7263000000,0,
7264,7263000001,7264000000,0,
7265,7264000001,7265000000,0,
7266,7265000001,7266000000,0,
7267,7266000001,7267000000,0,
7268,7267000001,7268000000,0,
7269,7268000001,7269000000,0,
7270,7269000001,7270000000,0,
7271,7270000001,7271000000,0,
7272,7271000001,7272000000,0,
7273,7272000001,7273000000,0,
7274,7273000001,7274000000,0,
7275,7274000001,7275000000,0,
7276,7275000001,7276000000,0,
7277,7276000001,7277000000,0,
7278,7277000001,7278000000,0,
7279,7278000001,7279000000,0,
7280,7279000001,7280000000,0,
7281,7280000001,7281000000,0,
7282,7281000001,7282000000,0,
7283,7282000001,7283000000,0,
7284,7283000001,7284000000,0,
7285,7284000001,7285000000,0,
7286,7285000001,7286000000,0,
7287,7286000001,7287000000,0,
7288,7287000001,7288000000,0,
7289,7288000001,7289000000,0,
7290,7289000001,7290000000,0,
7291,7290000001,7291000000,0,
7292,7291000001,7292000000,0,
7293,7292000001,7293000000,0,
7294,7293000001,7294000000,0,
7295,7294000001,7295000000,0,
7296,7295000001,7296000000,0,
7297,7296000001,7297000000,0,
7298,7297000001,7298000000,0,
7299,7298000001,7299000000,0,
7300,7299000001,7300000000,0,
7301,7300000001,7301000000,0,
7302,7301000001,7302000000,0,
7303,7302000001,7303000000,0,
7304,7303000001,7304000000,0,
7305,7304000001,7305000000,0,
7306,7305000001,7306000000,0,
7307,7306000001,7307000000,0,
7308,7307000001,7308000000,0,
7309,7308000001,7309000000,0,
7310,7309000001,7310000000,0,
7311,7310000001,7311000000,0,
7312,7311000001,7312000000,0,
7313,7312000001,7313000000,0,
7314,7313000001,7314000000,0,
7315,7314000001,7315000000,0,
7316,7315000001,7316000000,0,
7317,7316000001,7317000000,0,
7318,7317000001,7318000000,0,
7319,7318000001,7319000000,0,
7320,7319000001,7320000000,0,
7321,7320000001,7321000000,0,
7322,7321000001,7322000000,0,
7323,7322000001,7323000000,0,
7324,7323000001,7324000000,0,
7325,7324000001,7325000000,0,
7326,7325000001,7326000000,0,
7327,7326000001,7327000000,0,
7328,7327000001,7328000000,0,
7329,7328000001,7329000000,0,
7330,7329000001,7330000000,0,
7331,7330000001,7331000000,0,
7332,7331000001,7332000000,0,
7333,7332000001,7333000000,0,
7334,7333000001,7334000000,0,
7335,7334000001,7335000000,0,
7336,7335000001,7336000000,0,
7337,7336000001,7337000000,0,
7338,7337000001,7338000000,0,
7339,7338000001,7339000000,0,
7340,7339000001,7340000000,0,
7341,7340000001,7341000000,0,
7342,7341000001,7342000000,0,
7343,7342000001,7343000000,0,
7344,7343000001,7344000000,0,
7345,7344000001,7345000000,0,
7346,7345000001,7346000000,0,
7347,7346000001,7347000000,0,
7348,7347000001,7348000000,0,
7349,7348000001,7349000000,0,
7350,7349000001,7350000000,0,
7351,7350000001,7351000000,0,
7352,7351000001,7352000000,0,
7353,7352000001,7353000000,0,
7354,7353000001,7354000000,0,
7355,7354000001,7355000000,0,
7356,7355000001,7356000000,0,
7357,7356000001,7357000000,0,
7358,7357000001,7358000000,0,
7359,7358000001,7359000000,0,
7360,7359000001,7360000000,0,
7361,7360000001,7361000000,0,
7362,7361000001,7362000000,0,
7363,7362000001,7363000000,0,
7364,7363000001,7364000000,0,
7365,7364000001,7365000000,0,
7366,7365000001,7366000000,0,
7367,7366000001,7367000000,0,
7368,7367000001,7368000000,0,
7369,7368000001,7369000000,0,
7370,7369000001,7370000000,0,
7371,7370000001,7371000000,0,
7372,7371000001,7372000000,0,
7373,7372000001,7373000000,0,
7374,7373000001,7374000000,0,
7375,7374000001,7375000000,0,
7376,7375000001,7376000000,0,
7377,7376000001,7377000000,0,
7378,7377000001,7378000000,0,
7379,7378000001,7379000000,0,
7380,7379000001,7380000000,0,
7381,7380000001,7381000000,0,
7382,7381000001,7382000000,0,
7383,7382000001,7383000000,0,
7384,7383000001,7384000000,0,
7385,7384000001,7385000000,0,
7386,7385000001,7386000000,0,
7387,7386000001,7387000000,0,
7388,7387000001,7388000000,0,
7389,7388000001,7389000000,0,
7390,7389000001,7390000000,0,
7391,7390000001,7391000000,0,
7392,7391000001,7392000000,0,
7393,7392000001,7393000000,0,
7394,7393000001,7394000000,0,
7395,7394000001,7395000000,0,
7396,7395000001,7396000000,0,
7397,7396000001,7397000000,0,
7398,7397000001,7398000000,0,
7399,7398000001,7399000000,0,
7400,7399000001,7400000000,0,
7401,7400000001,7401000000,0,
7402,7401000001,7402000000,0,
7403,7402000001,7403000000,0,
7404,7403000001,7404000000,0,
7405,7404000001,7405000000,0,
7406,7405000001,7406000000,0,
7407,7406000001,7407000000,0,
7408,7407000001,7408000000,0,
7409,7408000001,7409000000,0,
7410,7409000001,7410000000,0,
7411,7410000001,7411000000,0,
7412,7411000001,7412000000,0,
7413,7412000001,7413000000,0,
7414,7413000001,7414000000,0,
7415,7414000001,7415000000,0,
7416,7415000001,7416000000,0,
7417,7416000001,7417000000,0,
7418,7417000001,7418000000,0,
7419,7418000001,7419000000,0,
7420,7419000001,7420000000,0,
7421,7420000001,7421000000,0,
7422,7421000001,7422000000,0,
7423,7422000001,7423000000,0,
7424,7423000001,7424000000,0,
7425,7424000001,7425000000,0,
7426,7425000001,7426000000,0,
7427,7426000001,7427000000,0,
7428,7427000001,7428000000,0,
7429,7428000001,7429000000,0,
7430,7429000001,7430000000,0,
7431,7430000001,7431000000,0,
7432,7431000001,7432000000,0,
7433,7432000001,7433000000,0,
7434,7433000001,7434000000,0,
7435,7434000001,7435000000,0,
7436,7435000001,7436000000,0,
7437,7436000001,7437000000,0,
7438,7437000001,7438000000,0,
7439,7438000001,7439000000,0,
7440,7439000001,7440000000,0,
7441,7440000001,7441000000,0,
7442,7441000001,7442000000,0,
7443,7442000001,7443000000,0,
7444,7443000001,7444000000,0,
7445,7444000001,7445000000,0,
7446,7445000001,7446000000,0,
7447,7446000001,7447000000,0,
7448,7447000001,7448000000,0,
7449,7448000001,7449000000,0,
7450,7449000001,7450000000,0,
7451,7450000001,7451000000,0,
7452,7451000001,7452000000,0,
7453,7452000001,7453000000,0,
7454,7453000001,7454000000,0,
7455,7454000001,7455000000,0,
7456,7455000001,7456000000,0,
7457,7456000001,7457000000,0,
7458,7457000001,7458000000,0,
7459,7458000001,7459000000,0,
7460,7459000001,7460000000,0,
7461,7460000001,7461000000,0,
7462,7461000001,7462000000,0,
7463,7462000001,7463000000,0,
7464,7463000001,7464000000,0,
7465,7464000001,7465000000,0,
7466,7465000001,7466000000,0,
7467,7466000001,7467000000,0,
7468,7467000001,7468000000,0,
7469,7468000001,7469000000,0,
7470,7469000001,7470000000,0,
7471,7470000001,7471000000,0,
7472,7471000001,7472000000,0,
7473,7472000001,7473000000,0,
7474,7473000001,7474000000,0,
7475,7474000001,7475000000,0,
7476,7475000001,7476000000,0,
7477,7476000001,7477000000,0,
7478,7477000001,7478000000,0,
7479,7478000001,7479000000,0,
7480,7479000001,7480000000,0,
7481,7480000001,7481000000,0,
7482,7481000001,7482000000,0,
7483,7482000001,7483000000,0,
7484,7483000001,7484000000,0,
7485,7484000001,7485000000,0,
7486,7485000001,7486000000,0,
7487,7486000001,7487000000,0,
7488,7487000001,7488000000,0,
7489,7488000001,7489000000,0,
7490,7489000001,7490000000,0,
7491,7490000001,7491000000,0,
7492,7491000001,7492000000,0,
7493,7492000001,7493000000,0,
7494,7493000001,7494000000,0,
7495,7494000001,7495000000,0,
7496,7495000001,7496000000,0,
7497,7496000001,7497000000,0,
7498,7497000001,7498000000,0,
7499,7498000001,7499000000,0,
7500,7499000001,7500000000,0,
7501,7500000001,7501000000,0,
7502,7501000001,7502000000,0,
7503,7502000001,7503000000,0,
7504,7503000001,7504000000,0,
7505,7504000001,7505000000,0,
7506,7505000001,7506000000,0,
7507,7506000001,7507000000,0,
7508,7507000001,7508000000,0,
7509,7508000001,7509000000,0,
7510,7509000001,7510000000,0,
7511,7510000001,7511000000,0,
7512,7511000001,7512000000,0,
7513,7512000001,7513000000,0,
7514,7513000001,7514000000,0,
7515,7514000001,7515000000,0,
7516,7515000001,7516000000,0,
7517,7516000001,7517000000,0,
7518,7517000001,7518000000,0,
7519,7518000001,7519000000,0,
7520,7519000001,7520000000,0,
7521,7520000001,7521000000,0,
7522,7521000001,7522000000,0,
7523,7522000001,7523000000,0,
7524,7523000001,7524000000,0,
7525,7524000001,7525000000,0,
7526,7525000001,7526000000,0,
7527,7526000001,7527000000,0,
7528,7527000001,7528000000,0,
7529,7528000001,7529000000,0,
7530,7529000001,7530000000,0,
7531,7530000001,7531000000,0,
7532,7531000001,7532000000,0,
7533,7532000001,7533000000,0,
7534,7533000001,7534000000,0,
7535,7534000001,7535000000,0,
7536,7535000001,7536000000,0,
7537,7536000001,7537000000,0,
7538,7537000001,7538000000,0,
7539,7538000001,7539000000,0,
7540,7539000001,7540000000,0,
7541,7540000001,7541000000,0,
7542,7541000001,7542000000,0,
7543,7542000001,7543000000,0,
7544,7543000001,7544000000,0,
7545,7544000001,7545000000,0,
7546,7545000001,7546000000,0,
7547,7546000001,7547000000,0,
7548,7547000001,7548000000,0,
7549,7548000001,7549000000,0,
7550,7549000001,7550000000,0,
7551,7550000001,7551000000,0,
7552,7551000001,7552000000,0,
7553,7552000001,7553000000,0,
7554,7553000001,7554000000,0,
7555,7554000001,7555000000,0,
7556,7555000001,7556000000,0,
7557,7556000001,7557000000,0,
7558,7557000001,7558000000,0,
7559,7558000001,7559000000,0,
7560,7559000001,7560000000,0,
7561,7560000001,7561000000,0,
7562,7561000001,7562000000,0,
7563,7562000001,7563000000,0,
7564,7563000001,7564000000,0,
7565,7564000001,7565000000,0,
7566,7565000001,7566000000,0,
7567,7566000001,7567000000,0,
7568,7567000001,7568000000,0,
7569,7568000001,7569000000,0,
7570,7569000001,7570000000,0,
7571,7570000001,7571000000,0,
7572,7571000001,7572000000,0,
7573,7572000001,7573000000,0,
7574,7573000001,7574000000,0,
7575,7574000001,7575000000,0,
7576,7575000001,7576000000,0,
7577,7576000001,7577000000,0,
7578,7577000001,7578000000,0,
7579,7578000001,7579000000,0,
7580,7579000001,7580000000,0,
7581,7580000001,7581000000,0,
7582,7581000001,7582000000,0,
7583,7582000001,7583000000,0,
7584,7583000001,7584000000,0,
7585,7584000001,7585000000,0,
7586,7585000001,7586000000,0,
7587,7586000001,7587000000,0,
7588,7587000001,7588000000,0,
7589,7588000001,7589000000,0,
7590,7589000001,7590000000,0,
7591,7590000001,7591000000,0,
7592,7591000001,7592000000,0,
7593,7592000001,7593000000,0,
7594,7593000001,7594000000,0,
7595,7594000001,7595000000,0,
7596,7595000001,7596000000,0,
7597,7596000001,7597000000,0,
7598,7597000001,7598000000,0,
7599,7598000001,7599000000,0,
7600,7599000001,7600000000,0,
7601,7600000001,7601000000,0,
7602,7601000001,7602000000,0,
7603,7602000001,7603000000,0,
7604,7603000001,7604000000,0,
7605,7604000001,7605000000,0,
7606,7605000001,7606000000,0,
7607,7606000001,7607000000,0,
7608,7607000001,7608000000,0,
7609,7608000001,7609000000,0,
7610,7609000001,7610000000,0,
7611,7610000001,7611000000,0,
7612,7611000001,7612000000,0,
7613,7612000001,7613000000,0,
7614,7613000001,7614000000,0,
7615,7614000001,7615000000,0,
7616,7615000001,7616000000,0,
7617,7616000001,7617000000,0,
7618,7617000001,7618000000,0,
7619,7618000001,7619000000,0,
7620,7619000001,7620000000,0,
7621,7620000001,7621000000,0,
7622,7621000001,7622000000,0,
7623,7622000001,7623000000,0,
7624,7623000001,7624000000,0,
7625,7624000001,7625000000,0,
7626,7625000001,7626000000,0,
7627,7626000001,7627000000,0,
7628,7627000001,7628000000,0,
7629,7628000001,7629000000,0,
7630,7629000001,7630000000,0,
7631,7630000001,7631000000,0,
7632,7631000001,7632000000,0,
7633,7632000001,7633000000,0,
7634,7633000001,7634000000,0,
7635,7634000001,7635000000,0,
7636,7635000001,7636000000,0,
7637,7636000001,7637000000,0,
7638,7637000001,7638000000,0,
7639,7638000001,7639000000,0,
7640,7639000001,7640000000,0,
7641,7640000001,7641000000,0,
7642,7641000001,7642000000,0,
7643,7642000001,7643000000,0,
7644,7643000001,7644000000,0,
7645,7644000001,7645000000,0,
7646,7645000001,7646000000,0,
7647,7646000001,7647000000,0,
7648,7647000001,7648000000,0,
7649,7648000001,7649000000,0,
7650,7649000001,7650000000,0,
7651,7650000001,7651000000,0,
7652,7651000001,7652000000,0,
7653,7652000001,7653000000,0,
7654,7653000001,7654000000,0,
7655,7654000001,7655000000,0,
7656,7655000001,7656000000,0,
7657,7656000001,7657000000,0,
7658,7657000001,7658000000,0,
7659,7658000001,7659000000,0,
7660,7659000001,7660000000,0,
7661,7660000001,7661000000,0,
7662,7661000001,7662000000,0,
7663,7662000001,7663000000,0,
7664,7663000001,7664000000,0,
7665,7664000001,7665000000,0,
7666,7665000001,7666000000,0,
7667,7666000001,7667000000,0,
7668,7667000001,7668000000,0,
7669,7668000001,7669000000,0,
7670,7669000001,7670000000,0,
7671,7670000001,7671000000,0,
7672,7671000001,7672000000,0,
7673,7672000001,7673000000,0,
7674,7673000001,7674000000,0,
7675,7674000001,7675000000,0,
7676,7675000001,7676000000,0,
7677,7676000001,7677000000,0,
7678,7677000001,7678000000,0,
7679,7678000001,7679000000,0,
7680,7679000001,7680000000,0,
7681,7680000001,7681000000,0,
7682,7681000001,7682000000,0,
7683,7682000001,7683000000,0,
7684,7683000001,7684000000,0,
7685,7684000001,7685000000,0,
7686,7685000001,7686000000,0,
7687,7686000001,7687000000,0,
7688,7687000001,7688000000,0,
7689,7688000001,7689000000,0,
7690,7689000001,7690000000,0,
7691,7690000001,7691000000,0,
7692,7691000001,7692000000,0,
7693,7692000001,7693000000,0,
7694,7693000001,7694000000,0,
7695,7694000001,7695000000,0,
7696,7695000001,7696000000,0,
7697,7696000001,7697000000,0,
7698,7697000001,7698000000,0,
7699,7698000001,7699000000,0,
7700,7699000001,7700000000,0,
7701,7700000001,7701000000,0,
7702,7701000001,7702000000,0,
7703,7702000001,7703000000,0,
7704,7703000001,7704000000,0,
7705,7704000001,7705000000,0,
7706,7705000001,7706000000,0,
7707,7706000001,7707000000,0,
7708,7707000001,7708000000,0,
7709,7708000001,7709000000,0,
7710,7709000001,7710000000,0,
7711,7710000001,7711000000,0,
7712,7711000001,7712000000,0,
7713,7712000001,7713000000,0,
7714,7713000001,7714000000,0,
7715,7714000001,7715000000,0,
7716,7715000001,7716000000,0,
7717,7716000001,7717000000,0,
7718,7717000001,7718000000,0,
7719,7718000001,7719000000,0,
7720,7719000001,7720000000,0,
7721,7720000001,7721000000,0,
7722,7721000001,7722000000,0,
7723,7722000001,7723000000,0,
7724,7723000001,7724000000,0,
7725,7724000001,7725000000,0,
7726,7725000001,7726000000,0,
7727,7726000001,7727000000,0,
7728,7727000001,7728000000,0,
7729,7728000001,7729000000,0,
7730,7729000001,7730000000,0,
7731,7730000001,7731000000,0,
7732,7731000001,7732000000,0,
7733,7732000001,7733000000,0,
7734,7733000001,7734000000,0,
7735,7734000001,7735000000,0,
7736,7735000001,7736000000,0,
7737,7736000001,7737000000,0,
7738,7737000001,7738000000,0,
7739,7738000001,7739000000,0,
7740,7739000001,7740000000,0,
7741,7740000001,7741000000,0,
7742,7741000001,7742000000,0,
7743,7742000001,7743000000,0,
7744,7743000001,7744000000,0,
7745,7744000001,7745000000,0,
7746,7745000001,7746000000,0,
7747,7746000001,7747000000,0,
7748,7747000001,7748000000,0,
7749,7748000001,7749000000,0,
7750,7749000001,7750000000,0,
7751,7750000001,7751000000,0,
7752,7751000001,7752000000,0,
7753,7752000001,7753000000,0,
7754,7753000001,7754000000,0,
7755,7754000001,7755000000,0,
7756,7755000001,7756000000,0,
7757,7756000001,7757000000,0,
7758,7757000001,7758000000,0,
7759,7758000001,7759000000,0,
7760,7759000001,7760000000,0,
7761,7760000001,7761000000,0,
7762,7761000001,7762000000,0,
7763,7762000001,7763000000,0,
7764,7763000001,7764000000,0,
7765,7764000001,7765000000,0,
7766,7765000001,7766000000,0,
7767,7766000001,7767000000,0,
7768,7767000001,7768000000,0,
7769,7768000001,7769000000,0,
7770,7769000001,7770000000,0,
7771,7770000001,7771000000,0,
7772,7771000001,7772000000,0,
7773,7772000001,7773000000,0,
7774,7773000001,7774000000,0,
7775,7774000001,7775000000,0,
7776,7775000001,7776000000,0,
7777,7776000001,7777000000,0,
7778,7777000001,7778000000,0,
7779,7778000001,7779000000,0,
7780,7779000001,7780000000,0,
7781,7780000001,7781000000,0,
7782,7781000001,7782000000,0,
7783,7782000001,7783000000,0,
7784,7783000001,7784000000,0,
7785,7784000001,7785000000,0,
7786,7785000001,7786000000,0,
7787,7786000001,7787000000,0,
7788,7787000001,7788000000,0,
7789,7788000001,7789000000,0,
7790,7789000001,7790000000,0,
7791,7790000001,7791000000,0,
7792,7791000001,7792000000,0,
7793,7792000001,7793000000,0,
7794,7793000001,7794000000,0,
7795,7794000001,7795000000,0,
7796,7795000001,7796000000,0,
7797,7796000001,7797000000,0,
7798,7797000001,7798000000,0,
7799,7798000001,7799000000,0,
7800,7799000001,7800000000,0,
7801,7800000001,7801000000,0,
7802,7801000001,7802000000,0,
7803,7802000001,7803000000,0,
7804,7803000001,7804000000,0,
7805,7804000001,7805000000,0,
7806,7805000001,7806000000,0,
7807,7806000001,7807000000,0,
7808,7807000001,7808000000,0,
7809,7808000001,7809000000,0,
7810,7809000001,7810000000,0,
7811,7810000001,7811000000,0,
7812,7811000001,7812000000,0,
7813,7812000001,7813000000,0,
7814,7813000001,7814000000,0,
7815,7814000001,7815000000,0,
7816,7815000001,7816000000,0,
7817,7816000001,7817000000,0,
7818,7817000001,7818000000,0,
7819,7818000001,7819000000,0,
7820,7819000001,7820000000,0,
7821,7820000001,7821000000,0,
7822,7821000001,7822000000,0,
7823,7822000001,7823000000,0,
7824,7823000001,7824000000,0,
7825,7824000001,7825000000,0,
7826,7825000001,7826000000,0,
7827,7826000001,7827000000,0,
7828,7827000001,7828000000,0,
7829,7828000001,7829000000,0,
7830,7829000001,7830000000,0,
7831,7830000001,7831000000,0,
7832,7831000001,7832000000,0,
7833,7832000001,7833000000,0,
7834,7833000001,7834000000,0,
7835,7834000001,7835000000,0,
7836,7835000001,7836000000,0,
7837,7836000001,7837000000,0,
7838,7837000001,7838000000,0,
7839,7838000001,7839000000,0,
7840,7839000001,7840000000,0,
7841,7840000001,7841000000,0,
7842,7841000001,7842000000,0,
7843,7842000001,7843000000,0,
7844,7843000001,7844000000,0,
7845,7844000001,7845000000,0,
7846,7845000001,7846000000,0,
7847,7846000001,7847000000,0,
7848,7847000001,7848000000,0,
7849,7848000001,7849000000,0,
7850,7849000001,7850000000,0,
7851,7850000001,7851000000,0,
7852,7851000001,7852000000,0,
7853,7852000001,7853000000,0,
7854,7853000001,7854000000,0,
7855,7854000001,7855000000,0,
7856,7855000001,7856000000,0,
7857,7856000001,7857000000,0,
7858,7857000001,7858000000,0,
7859,7858000001,7859000000,0,
7860,7859000001,7860000000,0,
7861,7860000001,7861000000,0,
7862,7861000001,7862000000,0,
7863,7862000001,7863000000,0,
7864,7863000001,7864000000,0,
7865,7864000001,7865000000,0,
7866,7865000001,7866000000,0,
7867,7866000001,7867000000,0,
7868,7867000001,7868000000,0,
7869,7868000001,7869000000,0,
7870,7869000001,7870000000,0,
7871,7870000001,7871000000,0,
7872,7871000001,7872000000,0,
7873,7872000001,7873000000,0,
7874,7873000001,7874000000,0,
7875,7874000001,7875000000,0,
7876,7875000001,7876000000,0,
7877,7876000001,7877000000,0,
7878,7877000001,7878000000,0,
7879,7878000001,7879000000,0,
7880,7879000001,7880000000,0,
7881,7880000001,7881000000,0,
7882,7881000001,7882000000,0,
7883,7882000001,7883000000,0,
7884,7883000001,7884000000,0,
7885,7884000001,7885000000,0,
7886,7885000001,7886000000,0,
7887,7886000001,7887000000,0,
7888,7887000001,7888000000,0,
7889,7888000001,7889000000,0,
7890,7889000001,7890000000,0,
7891,7890000001,7891000000,0,
7892,7891000001,7892000000,0,
7893,7892000001,7893000000,0,
7894,7893000001,7894000000,0,
7895,7894000001,7895000000,0,
7896,7895000001,7896000000,0,
7897,7896000001,7897000000,0,
7898,7897000001,7898000000,0,
7899,7898000001,7899000000,0,
7900,7899000001,7900000000,0,
7901,7900000001,7901000000,0,
7902,7901000001,7902000000,0,
7903,7902000001,7903000000,0,
7904,7903000001,7904000000,0,
7905,7904000001,7905000000,0,
7906,7905000001,7906000000,0,
7907,7906000001,7907000000,0,
7908,7907000001,7908000000,0,
7909,7908000001,7909000000,0,
7910,7909000001,7910000000,0,
7911,7910000001,7911000000,0,
7912,7911000001,7912000000,0,
7913,7912000001,7913000000,0,
7914,7913000001,7914000000,0,
7915,7914000001,7915000000,0,
7916,7915000001,7916000000,0,
7917,7916000001,7917000000,0,
7918,7917000001,7918000000,0,
7919,7918000001,7919000000,0,
7920,7919000001,7920000000,0,
7921,7920000001,7921000000,0,
7922,7921000001,7922000000,0,
7923,7922000001,7923000000,0,
7924,7923000001,7924000000,0,
7925,7924000001,7925000000,0,
7926,7925000001,7926000000,0,
7927,7926000001,7927000000,0,
7928,7927000001,7928000000,0,
7929,7928000001,7929000000,0,
7930,7929000001,7930000000,0,
7931,7930000001,7931000000,0,
7932,7931000001,7932000000,0,
7933,7932000001,7933000000,0,
7934,7933000001,7934000000,0,
7935,7934000001,7935000000,0,
7936,7935000001,7936000000,0,
7937,7936000001,7937000000,0,
7938,7937000001,7938000000,0,
7939,7938000001,7939000000,0,
7940,7939000001,7940000000,0,
7941,7940000001,7941000000,0,
7942,7941000001,7942000000,0,
7943,7942000001,7943000000,0,
7944,7943000001,7944000000,0,
7945,7944000001,7945000000,0,
7946,7945000001,7946000000,0,
7947,7946000001,7947000000,0,
7948,7947000001,7948000000,0,
7949,7948000001,7949000000,0,
7950,7949000001,7950000000,0,
7951,7950000001,7951000000,0,
7952,7951000001,7952000000,0,
7953,7952000001,7953000000,0,
7954,7953000001,7954000000,0,
7955,7954000001,7955000000,0,
7956,7955000001,7956000000,0,
7957,7956000001,7957000000,0,
7958,7957000001,7958000000,0,
7959,7958000001,7959000000,0,
7960,7959000001,7960000000,0,
7961,7960000001,7961000000,0,
7962,7961000001,7962000000,0,
7963,7962000001,7963000000,0,
7964,7963000001,7964000000,0,
7965,7964000001,7965000000,0,
7966,7965000001,7966000000,0,
7967,7966000001,7967000000,0,
7968,7967000001,7968000000,0,
7969,7968000001,7969000000,0,
7970,7969000001,7970000000,0,
7971,7970000001,7971000000,0,
7972,7971000001,7972000000,0,
7973,7972000001,7973000000,0,
7974,7973000001,7974000000,0,
7975,7974000001,7975000000,0,
7976,7975000001,7976000000,0,
7977,7976000001,7977000000,0,
7978,7977000001,7978000000,0,
7979,7978000001,7979000000,0,
7980,7979000001,7980000000,0,
7981,7980000001,7981000000,0,
7982,7981000001,7982000000,0,
7983,7982000001,7983000000,0,
7984,7983000001,7984000000,0,
7985,7984000001,7985000000,0,
7986,7985000001,7986000000,0,
7987,7986000001,7987000000,0,
7988,7987000001,7988000000,0,
7989,7988000001,7989000000,0,
7990,7989000001,7990000000,0,
7991,7990000001,7991000000,0,
7992,7991000001,7992000000,0,
7993,7992000001,7993000000,0,
7994,7993000001,7994000000,0,
7995,7994000001,7995000000,0,
7996,7995000001,7996000000,0,
7997,7996000001,7997000000,0,
7998,7997000001,7998000000,0,
7999,7998000001,7999000000,0,
8000,7999000001,8000000000,0,
